{"Anti":{"bFXAA_Active":true},"DOF":{"bDOF_Active":false,"fDOF_Distance":0.0},"Deferred":{"bRimBloom_Blur_Active":true,"bShadow_Active":true},"Fog":{"bFog_Active":true,"fFogDistanceDensity":0.07900000363588333,"fFogDistanceValue":30.0,"fFogHeightDensity":0.03500000014901161,"fFogHeightValue":52.926998138427734,"fFogStartDepth":59.87799835205078,"fFogStartDistance":4.0980000495910645,"vFogColor_w":1.0,"vFogColor_x":0.16727538406848907,"vFogColor_y":0.16812148690223694,"vFogColor_z":0.18918919563293457},"HBAO":{"bHBAO_Active":true,"fBias":0.10000000149011612,"fBlur_Sharpness":16.0,"fPowerExponent":2.0,"fRadius":1.0},"HDR":{"bHDR_Active":true,"fmax_white":0.5759999752044678},"HSV":{"bScreen_Active":true,"fFinal_Brightness":1.9950000047683716,"fFinal_Saturation":1.0},"Radial":{"bRadial_Active":false,"fRadial_Power":0.10000000149011612,"fRadial_Quality":8.0}}
