{"Anti":{"bFXAA_Active":true},"DOF":{"bDOF_Active":false,"fFocusDistance":10.0,"fFocusRange":3.0},"Deferred":{"bRimBloom_Blur_Active":true,"bShadow_Active":true},"Fog":{"bFog_Active":false,"fFogDistanceDensity":0.05000000074505806,"fFogDistanceValue":30.0,"fFogHeightDensity":0.05000000074505806,"fFogHeightValue":50.0,"fFogStartDepth":55.0,"fFogStartDistance":0.10000000149011612,"vFogColor_w":1.0,"vFogColor_x":0.21809454262256622,"vFogColor_y":0.7335907220840454,"vFogColor_z":0.5962576866149902},"HBAO":{"bHBAO_Active":true,"fBias":0.22699999809265137,"fBlur_Sharpness":18.054000854492188,"fPowerExponent":1.472000002861023,"fRadius":0.5460000038146973},"HDR":{"bHDR_Active":true,"fmax_white":0.7609999775886536},"HSV":{"bScreen_Active":true,"fFinal_Brightness":1.0729999542236328,"fFinal_Saturation":1.2730000019073486},"Radial":{"bRadial_Active":false,"fRadial_Power":0.10000000149011612,"fRadial_Quality":16.0}}
