{
  "Anti": { "bFXAA_Active": true },
  "Chroma": {
    "bFinal_Active": false,
    "fFinal_Intensity": 11.0
  },
  "DOF": {
    "bDOF_Active": false,
    "fDOF_Distance": 2.6989998817443848
  },
  "Deferred": {
    "bRimBloom_Blur_Active": true,
    "bShadow_Active": true
  },
  "Fog": {
    "bFog_Active": false,
    "fFogDistanceDensity": 0.05000000074505806,
    "fFogDistanceValue": 30.0,
    "fFogHeightDensity": 0.05000000074505806,
    "fFogHeightValue": 45.33700180053711,
    "fFogStartDepth": 55.0,
    "fFogStartDistance": 0.10000000149011612,
    "vFogColor_w": 1.0,
    "vFogColor_x": 1.0,
    "vFogColor_y": 0.0,
    "vFogColor_z": 0.0
  },
  "HBAO": {
    "bHBAO_Active": true,
    "fBias": 0.10000000149011612,
    "fBlur_Sharpness": 16.0,
    "fPowerExponent": 2.0,
    "fRadius": 1.0
  },
  "HDR": {
    "bHDR_Active": true,
    "fmax_white": 0.968999981880188
  },
  "HSV": {
    "bScreen_Active": true,
    "fFinal_Brightness": 0.6370000243186951,
    "fFinal_Saturation": 1.1399999856948853
  },
  "Luma": {
    "bLuma_Active": true,
    "fLuma_bias": 3.1389999389648438,
    "fLuma_clamp": 0.2849999964237213,
    "fLuma_strength": 2.197000026702881
  },
  "PBR": {
    "bPBR_Active": true,
    "fPBR_Brightness": 0.0,
    "fPBR_Saturation": 1.0
  },
  "Radial": {
    "bRadial_Active": false,
    "fRadial_Power": 0.10000000149011612,
    "fRadial_Quality": 8.0
  },
  "SSR": {
    "bFinal_Active": false,
    "fFinal_RayStep": 0.004999999888241291,
    "fFinal_StepCnt": 75.0
  },
  "Screen": {
    "GrayActive": false,
    "GreyPower": 0.10999999940395355,
    "SephiaActive": false,
    "SepiaPower": 0.5799999833106995
  },
  "Vignette": {
    "bFinal_Active": true,
    "fFinal_Amount": -1.5959999561309814,
    "fFinal_CenterX": 0.5,
    "fFinal_CenterY": 0.5,
    "fFinal_Radius": 0.9800000190734863,
    "fFinal_Ratio": 0.4099999964237213,
    "fFinal_Slope": 7.502999782562256
  }

}
