{"Component":{"Transform":[[1.0,0.0,0.0,0.0],[0.0,1.0,0.0,0.0],[0.0,0.0,1.0,0.0],[0.0,0.0,0.0,1.0]]},"Effect":{"bActive_Tool":true,"bFinished":false,"bLoop":true,"bPlay":true,"bRender":true,"bReverse":false,"eType_Easing":0,"fLifeTime":1.5,"fLifeTimeRatio":0.8895553946495056,"fRemainAcc":0.0,"fRemainTime":0.0,"fSequenceAcc":1.334333062171936,"fSequenceTime":1.5,"fTimeAcc":1.334333062171936,"fWaitingAcc":0.0,"fWaitingTime":0.0,"iPartSize":2,"matOffset":[[1.0,0.0,0.0,0.0],[0.0,1.0,0.0,0.0],[0.0,0.0,1.0,0.0],[0.0,0.0,0.0,1.0]],"matPivot":[[1.0,0.0,0.0,0.0],[0.0,1.0,0.0,0.0],[0.0,0.0,1.0,0.0],[0.0,0.0,0.0,1.0]],"strOwnerTag":"\u0000"},"Part":[{"Component":{"Com_VIBuffer":{"bDynamic_Color":false,"bKinetic":true,"bUseGravity":true,"bUseRigidBody":true,"byFreezeAxis":0,"eForce_Mode":1,"eType_ColorLerp":0,"eType_Fade":1,"eType_ScaleLerp":0,"fFriction":0.10000000149011612,"fGravity":-16.0,"fSleepThreshold":0.05000000074505806,"iCurNumInstance":220,"vLerpScale_Pos":[0.0,0.5,0.0,0.0],"vMinMaxAlpha":[1.0,1.0,0.0,0.0],"vMinMaxBlue":[0.22808246314525604,0.22745098173618317,0.0,0.0],"vMinMaxCenterX":[0.0,0.0,0.0,0.0],"vMinMaxCenterY":[0.0,0.0,0.0,0.0],"vMinMaxCenterZ":[0.0,0.0,0.0,0.0],"vMinMaxGreen":[0.5132647752761841,0.5137255191802979,0.0,0.0],"vMinMaxHeight":[0.20000000298023224,0.20000000298023224,0.0,0.0],"vMinMaxLifeTime":[0.10000000149011612,1.2000000476837158,0.0,0.0],"vMinMaxMass":[10.0,10.0,0.0,0.0],"vMinMaxPower":[0.10000000149011612,200.0,0.0,0.0],"vMinMaxRange":[0.10000000149011612,1.0,0.0,0.0],"vMinMaxRed":[0.7876448035240173,0.7882353067398071,0.0,0.0],"vMinMaxRotationOffsetX":[0.0,0.0,0.0,0.0],"vMinMaxRotationOffsetY":[0.0,6.2831854820251465,0.0,0.0],"vMinMaxRotationOffsetZ":[0.0,6.2831854820251465,0.0,0.0],"vMinMaxSpeed":[1.0,2.0,0.0,0.0],"vMinMaxWidth":[0.30000001192092896,0.30000001192092896,0.0,0.0],"vScaleSpeed":[0.004999999888241291,0.05000000074505806,0.0,0.0]},"Transform":[[1.0,0.0,0.0,0.0],[0.0,1.0,0.0,0.0],[0.0,0.0,1.0,0.0],[0.0,0.0,0.0,1.0]]},"bActive_Tool":true,"bBillBoard":false,"bDissolve":false,"bLoop":true,"bParentPivot":true,"bPlay":true,"bRender":true,"bReverse":false,"bUV_Wave":false,"bUseRigidBody":true,"bUseSpriteAnim":false,"eType_Easing":0,"eType_Effect":0,"fLifeTime":1.5,"fRemainTime":0.0,"fSequenceTerm":0.05000000074505806,"fSequenceTime":1.5,"fUV_RotDegree":0.0,"fUV_WaveSpeed":1.0,"fWaitingTime":0.0,"iCurNumInstance":220,"iRenderGroup":6,"iShaderPassIndex":0,"iTextureIndex":[0,0,5,0,0],"matOffset":[[1.0,0.0,0.0,0.0],[0.0,1.0,0.0,0.0],[0.0,0.0,1.0,0.0],[0.0,0.0,0.0,1.0]],"matPivot":[[1.0,0.0,0.0,0.0],[0.0,1.0,0.0,0.0],[0.0,0.0,1.0,0.0],[0.0,0.0,0.0,1.0]],"strModelTag":["",""],"strPartTag":"Part_Particle_000","strProtoTag":"Prototype_GameObject_Effect_Particle","strTextureTag":["Prototype_Component_Texture_Effect_Diffuse","","Prototype_Component_Texture_Effect_Mask","Prototype_Component_Texture_Effect_Noise","Prototype_Component_Texture_Effect_Sprite"],"vColor_Clip":[0.0,0.0,0.0,0.4000000059604645],"vColor_Mul":[1.0,1.0,1.0,1.0],"vColor_Offset":[0.0,0.0,0.0,0.0],"vTextureSize":[1792.0,1792.0,0.0,0.0],"vTileSize":[256.0,256.0,0.0,0.0],"vUV_MaxTileCount":[7.0,7.0,0.0,0.0],"vUV_MinTileCount":[0.0,0.0,0.0,0.0],"vUV_Offset":[0.0,0.0,0.0,0.0],"vUV_Scale":[0.0,0.0,0.0,0.0]},{"Component":{"Com_VIBuffer":{"bDynamic_Color":true,"bKinetic":true,"bUseGravity":true,"bUseRigidBody":true,"byFreezeAxis":0,"eForce_Mode":1,"eType_ColorLerp":0,"eType_Fade":1,"eType_ScaleLerp":0,"fFriction":0.10000000149011612,"fGravity":-14.0,"fSleepThreshold":0.05000000074505806,"iCurNumInstance":1,"vLerpScale_Pos":[0.0,0.5,0.0,0.0],"vMinMaxAlpha":[1.0,1.0,0.0,0.0],"vMinMaxBlue":[1.0,1.0,0.0,0.0],"vMinMaxCenterX":[0.0,0.0,0.0,0.0],"vMinMaxCenterY":[0.0,0.0,0.0,0.0],"vMinMaxCenterZ":[0.0,0.0,0.0,0.0],"vMinMaxGreen":[1.0,1.0,0.0,0.0],"vMinMaxHeight":[4.0,4.0,0.0,0.0],"vMinMaxLifeTime":[0.10000000149011612,1.5,0.0,0.0],"vMinMaxMass":[10.0,10.0,0.0,0.0],"vMinMaxPower":[0.10000000149011612,250.0,0.0,0.0],"vMinMaxRange":[0.0,0.0,0.0,0.0],"vMinMaxRed":[1.0,1.0,0.0,0.0],"vMinMaxRotationOffsetX":[0.0,360.0,0.0,0.0],"vMinMaxRotationOffsetY":[0.0,360.0,0.0,0.0],"vMinMaxRotationOffsetZ":[0.0,360.0,0.0,0.0],"vMinMaxSpeed":[1.0,1.0,0.0,0.0],"vMinMaxWidth":[4.0,4.0,0.0,0.0],"vScaleSpeed":[0.004999999888241291,0.05000000074505806,0.0,0.0]},"Transform":[[1.0,0.0,0.0,0.0],[0.0,1.0,0.0,0.0],[0.0,0.0,1.0,0.0],[0.0,2.0,0.0,1.0]]},"bActive_Tool":true,"bBillBoard":true,"bDissolve":false,"bLoop":true,"bParentPivot":true,"bPlay":true,"bRender":false,"bReverse":false,"bUV_Wave":false,"bUseRigidBody":true,"bUseSpriteAnim":true,"eType_Easing":0,"eType_Effect":0,"fLifeTime":1.5,"fRemainTime":0.0,"fSequenceTerm":0.017999999225139618,"fSequenceTime":1.5,"fUV_RotDegree":0.0,"fUV_WaveSpeed":1.0,"fWaitingTime":0.10000000149011612,"iCurNumInstance":1,"iRenderGroup":6,"iShaderPassIndex":0,"iTextureIndex":[0,0,0,0,7],"matOffset":[[1.0,0.0,0.0,0.0],[0.0,1.0,0.0,0.0],[0.0,0.0,1.0,0.0],[0.0,2.0,0.0,1.0]],"matPivot":[[1.0,0.0,0.0,0.0],[0.0,1.0,0.0,0.0],[0.0,0.0,1.0,0.0],[0.0,0.0,0.0,1.0]],"strModelTag":["",""],"strPartTag":"Part_Particle_001","strProtoTag":"Prototype_GameObject_Effect_Particle","strTextureTag":["Prototype_Component_Texture_Effect_Diffuse","","Prototype_Component_Texture_Effect_Mask","Prototype_Component_Texture_Effect_Noise","Prototype_Component_Texture_Effect_Sprite"],"vColor_Clip":[0.0,0.0,0.0,0.699999988079071],"vColor_Mul":[1.0,1.0,1.0,1.0],"vColor_Offset":[0.0,0.0,0.0,0.0],"vTextureSize":[2048.0,2048.0,0.0,0.0],"vTileSize":[409.6000061035156,409.6000061035156,0.0,0.0],"vUV_MaxTileCount":[5.0,5.0,0.0,0.0],"vUV_MinTileCount":[0.0,0.0,0.0,0.0],"vUV_Offset":[0.800000011920929,0.800000011920929,0.0,0.0],"vUV_Scale":[0.20000000298023224,0.20000000298023224,0.0,0.0]}]}
