{"Component":{"Com_VIBuffer":{"bDynamic_Color":true,"bKinetic":true,"bRecycle":true,"bReverse":false,"bRotAcc":false,"bScaleRatio":true,"bUseGravity":true,"bUseRigidBody":true,"bUseScaleLerp":false,"byFreezeAxis":0,"eForce_Mode":0,"eType_Action":0,"eType_ColorLerp":0,"eType_Dir":1,"eType_Fade":1,"eType_Fade_Takes":2,"eType_FrictionLerp":0,"eType_ScaleLerp":0,"fEmissionTime":0.20000000298023224,"fGravity":-20.0,"fGravity_X":20.0,"fGravity_Z":20.0,"fSleepThreshold":0.05000000074505806,"iAddEmitCount":5,"iCurNumInstance":900,"vFrictionLerp_Pos":[0.0,0.0,0.0,0.0],"vMaxCenterOffsetPos":[100.0,60.0,100.0,0.0],"vMaxRadian":[0.0,0.0,0.0,0.0],"vMinCenterOffsetPos":[-100.0,30.0,-100.0,0.0],"vMinMaxAddRange":[0.0,0.0,0.0,0.0],"vMinMaxAlpha":[0.30000001192092896,0.5,0.0,0.0],"vMinMaxBlue":[0.6563706398010254,0.3436293601989746,0.0,0.0],"vMinMaxGreen":[0.6563706398010254,0.3436293601989746,0.0,0.0],"vMinMaxHeight":[0.15000000596046448,0.20000000298023224,0.0,0.0],"vMinMaxLifeTime":[0.10000000149011612,1800.0,0.0,0.0],"vMinMaxMass":[10.0,10.0,0.0,0.0],"vMinMaxPosY":[-1.0,-3.0,0.0,0.0],"vMinMaxPower":[5.0,10.0,0.0,0.0],"vMinMaxRadianSpeed_X":[0.0,0.0,0.0,0.0],"vMinMaxRadianSpeed_Y":[0.0,0.0,0.0,0.0],"vMinMaxRadianSpeed_Z":[0.0,0.0,0.0,0.0],"vMinMaxRange":[59.0,61.0,0.0,0.0],"vMinMaxRed":[0.6563706398010254,0.3436293601989746,0.0,0.0],"vMinMaxRotationOffsetX":[0.0,360.0,0.0,0.0],"vMinMaxRotationOffsetY":[0.0,360.0,0.0,0.0],"vMinMaxRotationOffsetZ":[0.0,360.0,0.0,0.0],"vMinMaxSpeed":[5.0,10.0,0.0,0.0],"vMinMaxTheta":[0.0,360.0,0.0,0.0],"vMinMaxTornadoSpeed":[0.30000001192092896,0.5,0.0,0.0],"vMinMaxWidth":[0.15000000596046448,0.20000000298023224,0.0,0.0],"vMinRadian":[0.0,0.0,0.0,0.0],"vScaleLerp_Down_Pos":[0.5,1.0,0.0,0.0],"vScaleLerp_Up_Pos":[0.0,0.20000000298023224,0.0,0.0],"vStartEnd_Friction":[0.10000000149011612,0.10000000149011612,0.0,0.0]},"Transform":[[1.0,0.0,0.0,0.0],[0.0,1.0,0.0,0.0],[0.0,0.0,1.0,0.0],[0.0,0.0,0.0,1.0]]},"bBillBoard":true,"bDissolve":false,"bLoop":true,"bParentPivot":true,"bPlay":true,"bRender":true,"bReverse":false,"bSoft":false,"bSpriteLoop":true,"bUV_Wave":false,"bUseMask":true,"bUseRigidBody":true,"bUseSpriteAnim":false,"eMode_Color":0,"eType_Easing":0,"eType_Effect":0,"eType_Scroll":1,"fDistortionBias":1.0,"fDistortionScale":1.0,"fLifeTime":1800.0,"fRemainTime":0.0,"fRimPower":5.0,"fSequenceTerm":0.05000000074505806,"fSequenceTime":1800.0,"fUV_RotDegree":0.0,"fWaitingTime":0.0,"iCurNumInstance":900,"iRenderGroup":7,"iShaderPassIndex":3,"iTextureIndex":[1,0,155,0,0],"strModelTag":["",""],"strPartTag":"Part_000","strProtoTag":"Prototype_GameObject_Effect_Particle","strTextureTag":["Prototype_Component_Texture_Effect_Diffuse","","Prototype_Component_Texture_Effect_Mask","Prototype_Component_Texture_Effect_Noise",""],"vBloomPower":[0.35907334089279175,0.0,0.0,0.0],"vColor_Clip":[0.0,0.0,0.0,0.0],"vColor_Mul":[1.0,1.0,1.0,1.0],"vColor_Offset":[0.0,0.0,0.0,0.0],"vDistortion1":[0.10000000149011612,0.10000000149011612,0.0,0.0],"vDistortion2":[0.0,0.0,0.0,0.0],"vDistortion3":[0.0,0.10000000149011612,0.0,0.0],"vRimColor":[1.0,1.0,1.0,1.0],"vScales":[0.10000000149011612,0.10000000149011612,0.0,0.0],"vScrollSpeeds":[0.10000000149011612,0.10000000149011612,0.20000000298023224,0.0],"vTextureSize":[512.0,512.0,0.0,0.0],"vTileSize":[64.0,64.0,0.0,0.0],"vUV_MaxTileCount":[8.0,8.0,0.0,0.0],"vUV_MinTileCount":[0.0,0.0,0.0,0.0],"vUV_Offset":[0.0,0.0,0.0,0.0],"vUV_Offset_Mask":[0.0,0.0,0.0,0.0],"vUV_Scale":[1.0,1.0,0.0,0.0],"vUV_Scale_Mask":[1.0,1.0,0.0,0.0],"vUV_WaveSpeed":[1.0,1.0,0.0,0.0]}
