{"Component":{"Com_VIBuffer":{"bDynamic_Color":true,"bKinetic":true,"bRecycle":false,"bReverse":false,"bRotAcc":false,"bScaleRatio":true,"bUseGravity":false,"bUseRigidBody":true,"bUseScaleLerp":true,"byFreezeAxis":0,"eForce_Mode":1,"eType_Action":0,"eType_ColorLerp":12,"eType_Dir":2,"eType_Fade":1,"eType_Fade_Takes":2,"eType_FrictionLerp":0,"eType_ScaleLerp":0,"fEmissionTime":0.0,"fGravity":-4.0,"fGravity_X":0.0,"fGravity_Z":0.0,"fSleepThreshold":0.009999999776482582,"iAddEmitCount":250,"iCurNumInstance":250,"vFrictionLerp_Pos":[0.0,0.0,0.0,0.0],"vMaxCenterOffsetPos":[0.20000000298023224,0.0,0.20000000298023224,0.0],"vMaxRadian":[0.0,0.0,0.0,0.0],"vMinCenterOffsetPos":[-0.20000000298023224,0.0,-0.20000000298023224,0.0],"vMinMaxAddRange":[0.0,0.0,0.0,0.0],"vMinMaxAlpha":[2.0,8.0,0.0,0.0],"vMinMaxBlue":[0.015384410507977009,0.0,0.0,0.0],"vMinMaxGreen":[0.9014715552330017,1.0,0.0,0.0],"vMinMaxHeight":[0.5,0.5,0.0,0.0],"vMinMaxLifeTime":[0.10000000149011612,1.0,0.0,0.0],"vMinMaxMass":[10.0,10.0,0.0,0.0],"vMinMaxPosY":[3.0,4.0,0.0,0.0],"vMinMaxPower":[10.0,30.0,0.0,0.0],"vMinMaxRadianSpeed_X":[0.0,0.0,0.0,0.0],"vMinMaxRadianSpeed_Y":[0.0,0.0,0.0,0.0],"vMinMaxRadianSpeed_Z":[0.0,0.0,0.0,0.0],"vMinMaxRange":[4.0,4.0,0.0,0.0],"vMinMaxRed":[0.9961389899253845,0.4478764533996582,0.0,0.0],"vMinMaxRotationOffsetX":[0.0,0.0,0.0,0.0],"vMinMaxRotationOffsetY":[40.0,140.0,0.0,0.0],"vMinMaxRotationOffsetZ":[50.0,130.0,0.0,0.0],"vMinMaxSpeed":[1.0,10.0,0.0,0.0],"vMinMaxTheta":[0.0,360.0,0.0,0.0],"vMinMaxTornadoSpeed":[1.0,1.0,0.0,0.0],"vMinMaxWidth":[0.30000001192092896,0.30000001192092896,0.0,0.0],"vMinRadian":[0.0,0.0,0.0,0.0],"vScaleLerp_Down_Pos":[0.0,1.0,0.0,0.0],"vScaleLerp_Up_Pos":[0.0,0.0,0.0,0.0],"vStartEnd_Friction":[0.10000000149011612,0.10000000149011612,0.0,0.0]},"Transform":[[0.765855610370636,-0.2312254160642624,0.0,0.0],[0.2312254160642624,0.765855610370636,0.0,0.0],[0.0,0.0,0.800000011920929,0.0],[0.20000000298023224,0.20000000298023224,0.10000000149011612,1.0]]},"bBillBoard":false,"bDissolve":false,"bLoop":true,"bParentPivot":true,"bPlay":true,"bRender":true,"bReverse":false,"bUV_Wave":false,"bUseRigidBody":true,"bUseSpriteAnim":false,"eMode_Color":1,"eType_Easing":0,"eType_Effect":0,"eType_Scroll":1,"fDistortionBias":1.0,"fDistortionScale":1.0,"fLifeTime":1.0,"fRemainTime":0.0,"fRimPower":100.0,"fSequenceTerm":0.05000000074505806,"fSequenceTime":1.0,"fUV_RotDegree":0.0,"fWaitingTime":0.0,"iCurNumInstance":250,"iRenderGroup":6,"iShaderPassIndex":5,"iTextureIndex":[0,0,5,0,0],"strModelTag":["",""],"strPartTag":"Part_000","strProtoTag":"Prototype_GameObject_Effect_Particle","strTextureTag":["Prototype_Component_Texture_Effect_Diffuse","","Prototype_Component_Texture_Effect_Mask","Prototype_Component_Texture_Effect_Noise",""],"vBloomPower":[0.7220077514648438,0.17796988785266876,0.013938353396952152,0.0],"vColor_Clip":[0.0,0.0,0.0,0.05999999865889549],"vColor_Mul":[1.0,1.0,1.0,1.0],"vColor_Offset":[0.0,0.0,0.0,0.0],"vDistortion1":[0.10000000149011612,0.10000000149011612,0.0,0.0],"vDistortion2":[0.0,0.0,0.0,0.0],"vDistortion3":[0.0,0.10000000149011612,0.0,0.0],"vRimColor":[1.0,1.0,1.0,1.0],"vScales":[1.0,1.0,1.0,0.0],"vScrollSpeeds":[1.0,1.0,1.0,0.0],"vTextureSize":[1792.0,1792.0,0.0,0.0],"vTileSize":[256.0,256.0,0.0,0.0],"vUV_MaxTileCount":[7.0,7.0,0.0,0.0],"vUV_MinTileCount":[0.0,0.0,0.0,0.0],"vUV_Offset":[0.0,0.0,0.0,0.0],"vUV_Offset_Mask":[0.0,0.0,0.0,0.0],"vUV_Scale":[1.0,1.0,0.0,0.0],"vUV_Scale_Mask":[1.0,1.0,0.0,0.0],"vUV_WaveSpeed":[1.0,1.0,0.0,0.0]}
