{
  
  "Component": {
    "Transform": [
      [ 1.0, 0.0, 0.0, 0.0 ],
      [ 0.0, 1.0, 0.0, 0.0 ],
      [ 0.0, 0.0, 1.0, 0.0 ],
      [ 0.0, 0.0, 0.0, 1.0 ]
    ]
  },
  "Effect": {
    "bFinished": false,
    "bLoop": false,
    "bParentPivot": false,
    "bPlay": true,
    "bRender": true,
    "bReverse": false,
    "eType_Dead": 0,
    "fLifeTime": 0.6000000238418579,
    "fRemainTime": 0.0,
    "fSequenceTime": 0.6000000238418579,
    "fWaitingTime": 0.0,
    "iPartSize": 2
  },
  "Part": [
    {
      "Component": {
        "Com_VIBuffer": {
          "bDynamic_Color": false,
          "bKinetic": true,
          "bRecycle": false,
          "bReverse": false,
          "bRotAcc": false,
          "bScaleRatio": true,
          "bUseGravity": true,
          "bUseRigidBody": true,
          "bUseScaleLerp": false,
          "byFreezeAxis": 0,
          "eForce_Mode": 3,
          "eType_Action": 0,
          "eType_ColorLerp": 0,
          "eType_Dir": 1,
          "eType_Fade": 0,
          "eType_Fade_Takes": 4,
          "eType_FrictionLerp": 0,
          "eType_ScaleLerp": 0,
          "fEmissionTime": 0.07999999821186066,
          "fGravity": -4.0,
          "fGravity_X": 0.0,
          "fGravity_Z": 0.0,
          "fSleepThreshold": 9.999999747378752e-05,
          "iAddEmitCount": 0,
          "iCurNumInstance": 8,
          "vFrictionLerp_Pos": [ 0.0, 0.0, 0.0, 0.0 ],
          "vMaxCenterOffsetPos": [ 1.0, 0.0, 1.0, 0.0 ],
          "vMaxRadian": [ 0.0, 0.0, 0.0, 0.0 ],
          "vMinCenterOffsetPos": [ -1.0, 0.0, -1.0, 0.0 ],
          "vMinMaxAddRange": [ 0.0, 0.0, 0.0, 0.0 ],
          "vMinMaxAlpha": [ 1.0, 1.0, 0.0, 0.0 ],
          "vMinMaxBlue": [ 0.21568623185157776, 0.003921590279787779, 0.0, 0.0 ],
          "vMinMaxGreen": [ 0.9176470637321472, 0.7372549176216125, 0.0, 0.0 ],
          "vMinMaxHeight": [ 4.0, 6.0, 0.0, 0.0 ],
          "vMinMaxLifeTime": [ 0.10000000149011612, 1.5, 0.0, 0.0 ],
          "vMinMaxMass": [ 10.0, 10.0, 0.0, 0.0 ],
          "vMinMaxPosY": [ 0.10000000149011612, 3.0, 0.0, 0.0 ],
          "vMinMaxPower": [ 0.009999999776482582, 0.009999999776482582, 0.0, 0.0 ],
          "vMinMaxRadianSpeed_X": [ 0.0, 0.0, 0.0, 0.0 ],
          "vMinMaxRadianSpeed_Y": [ 0.0, 0.0, 0.0, 0.0 ],
          "vMinMaxRadianSpeed_Z": [ 0.0, 0.0, 0.0, 0.0 ],
          "vMinMaxRange": [ 0.5, 0.5, 0.0, 0.0 ],
          "vMinMaxRed": [ 0.7902642488479614, 0.672132670879364, 0.0, 0.0 ],
          "vMinMaxRotationOffsetX": [ 0.0, 0.0, 0.0, 0.0 ],
          "vMinMaxRotationOffsetY": [ 0.0, 0.0, 0.0, 0.0 ],
          "vMinMaxRotationOffsetZ": [ 0.0, 0.0, 0.0, 0.0 ],
          "vMinMaxSpeed": [ 1.0, 1.0, 0.0, 0.0 ],
          "vMinMaxTheta": [ 0.0, 360.0, 0.0, 0.0 ],
          "vMinMaxTornadoSpeed": [ 1.0, 1.0, 0.0, 0.0 ],
          "vMinMaxWidth": [ 4.0, 6.0, 0.0, 0.0 ],
          "vMinRadian": [ 0.0, 0.0, 0.0, 0.0 ],
          "vScaleLerp_Down_Pos": [ 1.0, 1.0, 0.0, 0.0 ],
          "vScaleLerp_Up_Pos": [ 0.0, 0.30000001192092896, 0.0, 0.0 ],
          "vStartEnd_Friction": [ 0.0, 0.0, 0.0, 0.0 ]
        },
        "Transform": [
          [ 1.0, 0.0, 0.0, 0.0 ],
          [ 0.0, 1.0, 0.0, 0.0 ],
          [ 0.0, 0.0, 1.0, 0.0 ],
          [ 0.0, 0.0, 0.0, 1.0 ]
        ]
      },
      "bBillBoard": true,
      "bDissolve": false,
      "bLoop": true,
      "bParentPivot": true,
      "bPlay": true,
      "bRender": true,
      "bReverse": false,
      "bSoft": false,
      "bSpriteLoop": false,
      "bUV_Wave": false,
      "bUseMask": true,
      "bUseRigidBody": true,
      "bUseSpriteAnim": true,
      "eMode_Color": 5,
      "eType_Easing": 0,
      "eType_Effect": 0,
      "eType_Scroll": 4,
      "fDistortionBias": 0.0,
      "fDistortionScale": 0.0,
      "fLifeTime": 1.5,
      "fRemainTime": 0.0,
      "fRimPower": 5.0,
      "fSequenceTerm": 0.019999999552965164,
      "fSequenceTime": 1.5,
      "fUV_RotDegree": 0.0,
      "fWaitingTime": 0.0,
      "iCurNumInstance": 8,
      "iRenderGroup": 6,
      "iShaderPassIndex": 4,
      "iTextureIndex": [ 7, 0, 0, 0, 0 ],
      "strModelTag": [ "", "" ],
      "strPartTag": "Part_000",
      "strProtoTag": "Prototype_GameObject_Effect_Particle",
      "strTextureTag": [ "Prototype_Component_Texture_Effect_Diffuse_Sprite", "", "Prototype_Component_Texture_Effect_Mask", "Prototype_Component_Texture_Effect_Noise", "" ],
      "vBloomPower": [ 0.08494210243225098, 0.0, 0.0, 0.0 ],
      "vColor_Clip": [ 0.0, 0.0, 0.0, 0.800000011920929 ],
      "vColor_Mul": [ 1.0, 1.0, 1.0, 1.0 ],
      "vColor_Offset": [ 0.0, 0.0, 0.0, 0.0 ],
      "vDistortion1": [ 0.0, 0.0, 0.0, 0.0 ],
      "vDistortion2": [ 0.0, 0.0, 0.0, 0.0 ],
      "vDistortion3": [ 0.0, 0.0, 0.0, 0.0 ],
      "vRimColor": [ 1.0, 1.0, 1.0, 1.0 ],
      "vScales": [ 0.0, 0.0, 0.0, 0.0 ],
      "vScrollSpeeds": [ 0.0, 0.0, 0.0, 0.0 ],
      "vTextureSize": [ 2048.0, 2048.0, 0.0, 0.0 ],
      "vTileSize": [ 409.6000061035156, 409.6000061035156, 0.0, 0.0 ],
      "vUV_MaxTileCount": [ 5.0, 5.0, 0.0, 0.0 ],
      "vUV_MinTileCount": [ 0.0, 0.0, 0.0, 0.0 ],
      "vUV_Offset": [ 0.0, 0.6000000238418579, 0.0, 0.0 ],
      "vUV_Offset_Mask": [ 0.0, 0.0, 0.0, 0.0 ],
      "vUV_Scale": [ 0.20000000298023224, 0.20000000298023224, 0.0, 0.0 ],
      "vUV_Scale_Mask": [ 1.0, 1.0, 0.0, 0.0 ],
      "vUV_WaveSpeed": [ 1.0, 1.0, 0.0, 0.0 ]
    },
    {
      "Component": {
        "Com_VIBuffer": {
          "bDynamic_Color": true,
          "bKinetic": true,
          "bRecycle": false,
          "bReverse": false,
          "bRotAcc": false,
          "bScaleRatio": true,
          "bUseGravity": true,
          "bUseRigidBody": false,
          "bUseScaleLerp": false,
          "byFreezeAxis": 0,
          "eForce_Mode": 1,
          "eType_Action": 1,
          "eType_ColorLerp": 0,
          "eType_Dir": 1,
          "eType_Fade": 0,
          "eType_Fade_Takes": 5,
          "eType_FrictionLerp": 0,
          "eType_ScaleLerp": 0,
          "fEmissionTime": 0.10000000149011612,
          "fGravity": -4.0,
          "fGravity_X": 0.0,
          "fGravity_Z": 0.0,
          "fSleepThreshold": 0.0,
          "iAddEmitCount": 0,
          "iCurNumInstance": 4,
          "vFrictionLerp_Pos": [ 0.0, 0.0, 0.0, 0.0 ],
          "vMaxCenterOffsetPos": [ 1.5, 1.0, 1.5, 0.0 ],
          "vMaxRadian": [ 0.0, 0.0, 0.0, 0.0 ],
          "vMinCenterOffsetPos": [ -1.5, 0.0, -1.5, 0.0 ],
          "vMinMaxAddRange": [ 0.0, 0.0, 0.0, 0.0 ],
          "vMinMaxAlpha": [ 1.0, 1.0, 0.0, 0.0 ],
          "vMinMaxBlue": [ 0.12796466052532196, 0.003921568859368563, 0.0, 0.0 ],
          "vMinMaxGreen": [ 0.5714285373687744, 0.7372549176216125, 0.0, 0.0 ],
          "vMinMaxHeight": [ 3.0, 3.0, 0.0, 0.0 ],
          "vMinMaxLifeTime": [ 0.10000000149011612, 1.5, 0.0, 0.0 ],
          "vMinMaxMass": [ 10.0, 10.0, 0.0, 0.0 ],
          "vMinMaxPosY": [ 0.10000000149011612, 3.0, 0.0, 0.0 ],
          "vMinMaxPower": [ 0.009999999776482582, 0.009999999776482582, 0.0, 0.0 ],
          "vMinMaxRadianSpeed_X": [ 0.0, 0.0, 0.0, 0.0 ],
          "vMinMaxRadianSpeed_Y": [ 0.0, 0.0, 0.0, 0.0 ],
          "vMinMaxRadianSpeed_Z": [ 0.0, 0.0, 0.0, 0.0 ],
          "vMinMaxRange": [ 0.0, 0.0, 0.0, 0.0 ],
          "vMinMaxRed": [ 0.42931464314460754, 0.6392157077789307, 0.0, 0.0 ],
          "vMinMaxRotationOffsetX": [ 0.0, 360.0, 0.0, 0.0 ],
          "vMinMaxRotationOffsetY": [ 0.0, 360.0, 0.0, 0.0 ],
          "vMinMaxRotationOffsetZ": [ 0.0, 360.0, 0.0, 0.0 ],
          "vMinMaxSpeed": [ 1.0, 1.0, 0.0, 0.0 ],
          "vMinMaxTheta": [ 0.0, 360.0, 0.0, 0.0 ],
          "vMinMaxTornadoSpeed": [ 1.0, 1.0, 0.0, 0.0 ],
          "vMinMaxWidth": [ 3.0, 3.0, 0.0, 0.0 ],
          "vMinRadian": [ 0.0, 0.0, 0.0, 0.0 ],
          "vScaleLerp_Down_Pos": [ 1.0, 1.0, 0.0, 0.0 ],
          "vScaleLerp_Up_Pos": [ 0.0, 0.0, 0.0, 0.0 ],
          "vStartEnd_Friction": [ 0.0, 0.0, 0.0, 0.0 ]
        },