{"Component":{"Transform":[[0.9999997615814209,0.0,0.0,0.0],[0.0,5.960463766996327e-08,0.9999997615814209,0.0],[0.0,-0.9999997615814209,5.960463766996327e-08,0.0],[0.0,0.0,0.0,1.0]]},"Effect":{"bFinished":false,"bLoop":true,"bParentPivot":true,"bPlay":true,"bRender":true,"bReverse":false,"eType_Dead":1,"fLifeTime":10.0,"fRemainTime":0.0,"fSequenceTime":10.0,"fWaitingTime":0.0,"iPartSize":2},"Part":[{"Component":{"Com_VIBuffer":{"bDynamic_Color":true,"bKinetic":true,"bMorph":false,"bRecycle":false,"bReverse":false,"bRotAcc":false,"bScaleRatio":true,"bUseGravity":true,"bUseRigidBody":false,"bUseScaleLerp":true,"byFreezeAxis":0,"eForce_Mode":1,"eType_Action":1,"eType_ColorLerp":0,"eType_Dir":1,"eType_Fade":0,"eType_Fade_Takes":4,"eType_Mode":1,"eType_ScaleLerp":0,"fEmissionTime":0.0,"fGravity":-9.800000190734863,"fGravity_X":0.0,"fGravity_Z":0.0,"fMorphTimeTerm":0.05000000074505806,"fSleepThreshold":0.05000000074505806,"iAddEmitCount":0,"iCurNumInstance":1,"vEndScale":[7.0,7.0,7.0,0.0],"vMaxCenterOffsetPos":[0.0,0.0,0.0,0.0],"vMaxRadian":[0.0,0.0,0.0,0.0],"vMinCenterOffsetPos":[0.0,0.0,0.0,0.0],"vMinMaxAddRange":[0.0,0.0,0.0,0.0],"vMinMaxAlpha":[1.5,1.5,0.0,0.0],"vMinMaxBlue":[0.0,0.0,0.0,0.0],"vMinMaxFriction":[0.10000000149011612,0.10000000149011612,0.0,0.0],"vMinMaxGreen":[0.33725491166114807,0.33725491166114807,0.0,0.0],"vMinMaxLifeTime":[10.0,10.0,0.0,0.0],"vMinMaxMass":[10.0,10.0,0.0,0.0],"vMinMaxPosY":[0.10000000149011612,3.0,0.0,0.0],"vMinMaxPower":[0.10000000149011612,250.0,0.0,0.0],"vMinMaxRadianSpeed_X":[0.0,0.0,0.0,0.0],"vMinMaxRadianSpeed_Y":[0.0,0.0,0.0,0.0],"vMinMaxRadianSpeed_Z":[0.0,0.0,0.0,0.0],"vMinMaxRange":[0.10000000149011612,0.10000000149011612,0.0,0.0],"vMinMaxRed":[0.2980392277240753,0.2980392277240753,0.0,0.0],"vMinMaxRotationOffsetX":[0.0,0.0,0.0,0.0],"vMinMaxRotationOffsetY":[0.0,0.0,0.0,0.0],"vMinMaxRotationOffsetZ":[0.0,0.0,0.0,0.0],"vMinMaxTheta":[0.0,360.0,0.0,0.0],"vMinRadian":[0.0,0.0,0.0,0.0],"vScaleLerp_Down_Pos":[1.0,1.0,0.0,0.0],"vScaleLerp_Up_Pos":[0.0,0.30000001192092896,0.0,0.0],"vStartScale":[7.0,7.0,7.0,0.0]},"Transform":[[1.0,0.0,0.0,0.0],[0.0,1.0,0.0,0.0],[0.0,0.0,1.0,0.0],[-0.10000000149011612,172.5,0.0,1.0]]},"bBillBoard":false,"bDissolve":false,"bLoop":true,"bParentPivot":true,"bPlay":true,"bRender":true,"bReverse":false,"bSoft":false,"bSpriteLoop":true,"bUV_Wave":false,"bUseCustomTex":true,"bUseMask":true,"bUseRigidBody":false,"bUseSpriteAnim":false,"eMode_Color":0,"eType_Easing":0,"eType_Effect":2,"eType_Scroll":4,"fDistortionBias":1.0,"fDistortionScale":1.0,"fLifeTime":10.0,"fRemainTime":0.0,"fRimPower":0.0,"fSequenceTerm":0.05000000074505806,"fSequenceTime":10.0,"fUV_RotDegree":0.0,"fWaitingTime":0.0,"iCurNumInstance":1,"iRenderGroup":6,"iShaderPassIndex":3,"iTextureIndex":[1,0,0,111,0],"strModelTag":["Prototype_Component_Model_Effect_Cylinder",""],"strPartTag":"Part_000","strProtoTag":"Prototype_GameObject_Effect_Instance","strTextureTag":["Prototype_Component_Texture_Effect_Diffuse","Prototype_Component_Texture_Effect_Normal","Prototype_Component_Texture_Effect_Mask","Prototype_Component_Texture_Effect_Noise",""],"vBloomPower":[0.6728362441062927,0.8996139168739319,0.23966549336910248,0.0],"vColor_Clip":[0.0,0.0,0.0,0.10000000149011612],"vColor_Mul":[1.0,1.0,1.0,1.0],"vColor_Offset":[0.0,0.0,0.0,0.0],"vDistortion1":[0.0,0.0,0.0,0.0],"vDistortion2":[0.0,0.0,0.0,0.0],"vDistortion3":[0.0,0.0,0.0,0.0],"vRimColor":[1.0,1.0,1.0,1.0],"vScales":[0.0,0.0,0.0,0.0],"vScrollSpeeds":[0.0,0.0,0.0,0.0],"vTextureSize":[1792.0,1792.0,0.0,0.0],"vTileSize":[256.0,256.0,0.0,0.0],"vUV_MaxTileCount":[7.0,7.0,0.0,0.0],"vUV_MinTileCount":[0.0,0.0,0.0,0.0],"vUV_Offset":[0.0,0.0,0.0,0.0],"vUV_Offset_Mask":[0.0,0.0,0.0,0.0],"vUV_Scale":[1.0,1.0,0.0,0.0],"vUV_Scale_Mask":[1.0,1.0,0.0,0.0],"vUV_WaveSpeed":[0.10000000149011612,0.10000000149011612,0.0,0.0]},{"Component":{"Com_VIBuffer":{"bDynamic_Color":true,"bKinetic":true,"bMorph":false,"bRecycle":false,"bReverse":false,"bRotAcc":false,"bScaleRatio":true,"bUseGravity":true,"bUseRigidBody":false,"bUseScaleLerp":true,"byFreezeAxis":0,"eForce_Mode":1,"eType_Action":1,"eType_ColorLerp":0,"eType_Dir":1,"eType_Fade":0,"eType_Fade_Takes":4,"eType_Mode":1,"eType_ScaleLerp":0,"fEmissionTime":0.0,"fGravity":-9.800000190734863,"fGravity_X":0.0,"fGravity_Z":0.0,"fMorphTimeTerm":0.05000000074505806,"fSleepThreshold":0.05000000074505806,"iAddEmitCount":0,"iCurNumInstance":1,"vEndScale":[11.699999809265137,11.699999809265137,11.699999809265137,0.0],"vMaxCenterOffsetPos":[0.0,0.0,0.0,0.0],"vMaxRadian":[0.0,0.0,0.0,0.0],"vMinCenterOffsetPos":[0.0,0.0,0.0,0.0],"vMinMaxAddRange":[0.0,0.0,0.0,0.0],"vMinMaxAlpha":[0.10000000149011612,0.10000000149011612,0.0,0.0],"vMinMaxBlue":[0.745934009552002,0.830115795135498,0.0,0.0],"vMinMaxFriction":[0.10000000149011612,0.10000000149011612,0.0,0.0],"vMinMaxGreen":[0.9806950092315674,1.0,0.0,0.0],"vMinMaxLifeTime":[10.0,10.0,0.0,0.0],"vMinMaxMass":[10.0,10.0,0.0,0.0],"vMinMaxPosY":[0.10000000149011612,3.0,0.0,0.0],"vMinMaxPower":[0.10000000149011612,250.0,0.0,0.0],"vMinMaxRadianSpeed_X":[0.0,0.0,0.0,0.0],"vMinMaxRadianSpeed_Y":[0.0,0.0,0.0,0.0],"vMinMaxRadianSpeed_Z":[0.0,0.0,0.0,0.0],"vMinMaxRange":[0.10000000149011612,0.10000000149011612,0.0,0.0],"vMinMaxRed":[0.9054627418518066,0.9376872777938843,0.0,0.0],"vMinMaxRotationOffsetX":[0.0,0.0,0.0,0.0],"vMinMaxRotationOffsetY":[0.0,0.0,0.0,0.0],"vMinMaxRotationOffsetZ":[0.0,0.0,0.0,0.0],"vMinMaxTheta":[0.0,360.0,0.0,0.0],"vMinRadian":[0.0,0.0,0.0,0.0],"vScaleLerp_Down_Pos":[1.0,1.0,0.0,0.0],"vScaleLerp_Up_Pos":[0.0,0.30000001192092896,0.0,0.0],"vStartScale":[11.699999809265137,11.699999809265137,11.699999809265137,0.0]},"Transform":[[1.0,0.0,0.0,0.0],[0.0,1.0,0.0,0.0],[0.0,0.0,1.0,0.0],[-0.10000000149011612,0.0,0.0,1.0]]},"bBillBoard":false,"bDissolve":false,"bLoop":true,"bParentPivot":true,"bPlay":true,"bRender":true,"bReverse":false,"bSoft":false,"bSpriteLoop":true,"bUV_Wave":true,"bUseCustomTex":true,"bUseMask":true,"bUseRigidBody":false,"bUseSpriteAnim":false,"eMode_Color":0,"eType_Easing":0,"eType_Effect":2,"eType_Scroll":4,"fDistortionBias":1.0,"fDistortionScale":1.0,"fLifeTime":10.0,"fRemainTime":0.0,"fRimPower":0.0,"fSequenceTerm":0.05000000074505806,"fSequenceTime":10.0,"fUV_RotDegree":0.0,"fWaitingTime":0.0,"iCurNumInstance":1,"iRenderGroup":7,"iShaderPassIndex":3,"iTextureIndex":[1,0,29,111,0],"strModelTag":["Prototype_Component_Model_Effect_VFX_Cylinder",""],"strPartTag":"Part_001","strProtoTag":"Prototype_GameObject_Effect_Instance","strTextureTag":["Prototype_Component_Texture_Effect_Diffuse","Prototype_Component_Texture_Effect_Normal","Prototype_Component_Texture_Effect_Mask","Prototype_Component_Texture_Effect_Noise",""],"vBloomPower":[1.0,1.0,1.0,0.0],"vColor_Clip":[0.0,0.0,0.0,0.10000000149011612],"vColor_Mul":[1.0,1.0,1.0,1.0],"vColor_Offset":[0.0,0.0,0.0,0.0],"vDistortion1":[0.0,0.0,0.0,0.0],"vDistortion2":[0.0,0.0,0.0,0.0],"vDistortion3":[0.0,0.0,0.0,0.0],"vRimColor":[1.0,1.0,1.0,1.0],"vScales":[0.0,0.0,0.0,0.0],"vScrollSpeeds":[0.0,0.0,0.0,0.0],"vTextureSize":[1792.0,1792.0,0.0,0.0],"vTileSize":[256.0,256.0,0.0,0.0],"vUV_MaxTileCount":[7.0,7.0,0.0,0.0],"vUV_MinTileCount":[0.0,0.0,0.0,0.0],"vUV_Offset":[0.0,0.0,0.0,0.0],"vUV_Offset_Mask":[0.0,0.0,0.0,0.0],"vUV_Scale":[1.0,1.0,0.0,0.0],"vUV_Scale_Mask":[1.0,1.0,0.0,0.0],"vUV_WaveSpeed":[0.0,3.0,0.0,0.0]}]}
