{"Basic_Json":[{"AnimType":false,"Component":{"Transform":[[0.9858909249305725,0.0,-0.16738899052143097,0.0],[0.0,1.0,0.0,0.0],[0.16738899052143097,0.0,0.9858909249305725,0.0],[-135.94113159179688,12.49260139465332,-257.70159912109375,1.0]]},"Index":0,"LayerTag":[76,97,121,101,114,95,66,97,99,107,71,114,111,117,110,100,0],"ModelTag":"Prototype_Component_Model_BackGround1","ObjectTag":"BackGround1","PlayAnimationIndex":0,"ShaderPassIndex":0,"Type":"Basic"}],"Instance_Json":[{"Component":{"Transform":[[1.0,0.0,0.0,0.0],[0.0,1.0,0.0,0.0],[0.0,0.0,1.0,0.0],[0.0,0.0,0.0,1.0]]},"Index":0,"InstanceCount":1,"InstanceInfo_Json":[{"Instance_Center":[-14.431991577148438,27.88213539123535,-75.6332778930664,0.0],"Instance_Index":0,"Instance_Rotation":[-3.7216818071783564e-08,0.6907824277877808,-3.8965001891710926e-08,0.7230627536773682],"Instance_Scale":[1.0000286102294922,1.0,1.0000286102294922,0.0],"Instance_Translation":[-14.309542655944824,27.88213539123535,-78.31340789794922,0.0]}],"LayerTag":[76,97,121,101,114,95,66,97,99,107,71,114,111,117,110,100,0],"ModelTag":"Prototype_Component_Model_WoodenFenceGate","ObjectTag":"WoodenFenceGate","ShaderPassIndex":0,"Type":"Instance"},{"Component":{"Transform":[[1.0,0.0,0.0,0.0],[0.0,1.0,0.0,0.0],[0.0,0.0,1.0,0.0],[0.0,0.0,0.0,1.0]]},"Index":1,"InstanceCount":2,"InstanceInfo_Json":[{"Instance_Center":[-11.393587112426758,26.00235366821289,-79.8826904296875,0.0],"Instance_Index":0,"Instance_Rotation":[1.1532504728961612e-08,0.7134152054786682,1.1532504728961612e-08,0.7007415294647217],"Instance_Scale":[0.9999628663063049,0.9999993443489075,0.9999628663063049,0.0],"Instance_Translation":[-10.331023216247559,26.00235366821289,-79.90170288085938,0.0]},{"Instance_Center":[-16.865694046020508,26.26485824584961,-79.75861358642578,0.0],"Instance_Index":1,"Instance_Rotation":[-2.705434631877779e-08,0.7218161225318909,2.705434631877779e-08,-0.6920848488807678],"Instance_Scale":[0.9999210834503174,1.000002384185791,0.9999210834503174,0.0],"Instance_Translation":[-16.140827178955078,26.26485824584961,-79.72811126708984,0.0]}],"LayerTag":[76,97,121,101,114,95,66,97,99,107,71,114,111,117,110,100,0],"ModelTag":"Prototype_Component_Model_WoodenFenceGate2Door2","ObjectTag":"WoodenFenceGate2Door2","ShaderPassIndex":0,"Type":"Instance"}],"Interact_Json":null,"Monster_Json":null}
