{"Basic_Json":null,"Instance_Json":[{"Component":{"Transform":[[1.0,0.0,0.0,0.0],[0.0,1.0,0.0,0.0],[0.0,0.0,1.0,0.0],[0.0,0.0,0.0,1.0]]},"Index":0,"InstanceCount":2,"InstanceInfo_Json":[{"Instance_Center":[11.020732879638672,-7.62939453125e-06,2.3573532104492188,0.0],"Instance_Index":0,"Instance_Rotation":[-4.702028988390339e-08,0.7713950276374817,-2.148374562693789e-07,0.6363565921783447],"Instance_Scale":[0.9999940395355225,1.0,0.9999940395355225,0.0],"Instance_Translation":[0.0,35.0,0.0,0.0]},{"Instance_Center":[81.45771789550781,0.0,26.06676483154297,0.0],"Instance_Index":1,"Instance_Rotation":[-0.0,0.0,-0.0,1.0],"Instance_Scale":[1.0,1.0,1.0,0.0],"Instance_Translation":[103.86737060546875,35.0,-15.939225196838379,0.0]}],"LayerTag":[76,97,121,101,114,95,66,97,99,107,71,114,111,117,110,100,0],"ModelTag":"Prototype_Component_Model_BigStalagmiteCaveE1","ObjectTag":"BigStalagmiteCaveE1","ShaderPassIndex":0,"Type":"Instance"},{"Component":{"Transform":[[1.0,0.0,0.0,0.0],[0.0,1.0,0.0,0.0],[0.0,0.0,1.0,0.0],[0.0,0.0,0.0,1.0]]},"Index":1,"InstanceCount":1,"InstanceInfo_Json":[{"Instance_Center":[108.44871520996094,-1.52587890625e-05,67.86172485351563,0.0],"Instance_Index":0,"Instance_Rotation":[-0.0,-0.02420564368367195,-0.0,0.999707043170929],"Instance_Scale":[0.9927676916122437,1.0,0.9927676916122437,0.0],"Instance_Translation":[108.38040161132813,-1.52587890625e-05,76.92745208740234,0.0]}],"LayerTag":[76,97,121,101,114,95,66,97,99,107,71,114,111,117,110,100,0],"ModelTag":"Prototype_Component_Model_BigCanyonWallB","ObjectTag":"BigCanyonWallB","ShaderPassIndex":0,"Type":"Instance"}],"Interact_Json":null,"Monster_Json":null}
