{
  
  "Basic_Json": [
    {
      "AnimType": false,
      "Component": {
        "Transform": [
          [ 1.0, 0.0, 0.0, 0.0 ],
          [ 0.0, 1.0, 0.0, 0.0 ],
          [ 0.0, 0.0, 1.0, 0.0 ],
          [ 15.161497116088867, -1.9073486328125e-06, 15.646393775939941, 1.0 ]
        ]
      },
      "Index": 0,
      "LayerTag": [ 76, 97, 121, 101, 114, 95, 66, 97, 99, 107, 71, 114, 111, 117, 110, 100, 0 ],
      "ModelTag": "Prototype_Component_Model_PUBGSnowField3",
      "ObjectTag": "PUBGSnowField3",
      "PlayAnimationIndex": 0,
      "ShaderPassIndex": 0,
      "Type": "Basic"
    }
  ],
  "Instance_Json": null,
  "Interact_Json": null,
  "LightObject_Json": null,
  "Light_Json": [
    {
      "Ambient": [ 0.20000000298023224, 0.20000000298023224, 0.20000000298023224, 1.0 ],
      "CutOff": 0.0,
      "Diffuse": [ 1.0, 1.0, 1.0, 1.0 ],
      "Direction": [ 1.0, -1.0, 1.0, 0.0 ],
      "LightEnable": true,
      "LightIndex": 0,
      "OuterCutOff": 0.0,
      "Position": [ 0.0, 0.0, 0.0, 0.0 ],
      "Range": 0.0,
      "Specular": [ 0.0, 0.0, 0.0, 1.0 ],
      "Type": 0
    }
  ],
  "Monster_Json": [
    {
      "Component": {
        "Transform": [
          [ 1.0, 0.0, 0.0, 0.0 ],
          [ 0.0, -1.0, -1.8199258420281694e-06, 0.0 ],
          [ 0.0, 1.8199258420281694e-06, -1.0, 0.0 ],
          [ 1.2534446716308594, -0.015633583068847656, 28.65621566772461, 1.0 ]
        ]
      },
      "MonsterGroupIndex": 0,
      "PrototypeTag": "Prototype_GameObject_Bandit_Sniper",
      "StartNaviIndex": 0
    },
    {
      "Component": {
        "Transform": [
          [ 1.0, 0.0, 0.0, 0.0 ],
          [ 0.0, -1.0, -1.8199258420281694e-06, 0.0 ],
          [ 0.0, 1.8199258420281694e-06, -1.0, 0.0 ],
          [ 27.34622573852539, -0.015633583068847656, 29.273700714111328, 1.0 ]
        ]
      },
      "MonsterGroupIndex": 0,
      "PrototypeTag": "Prototype_GameObject_Bandit_Sniper",
      "StartNaviIndex": 0
    },
    {
      "Component": {
        "Transform": [
          [ 1.0, 0.0, 0.0, 0.0 ],
          [ 0.0, -1.0, -1.8199258420281694e-06, 0.0 ],
          [ 0.0, 1.8199258420281694e-06, -1.0, 0.0 ],
          [ 16.869483947753906, -0.015633558854460716, 29.131738662719727, 1.0 ]
        ]
      },
      "MonsterGroupIndex": 0,
      "PrototypeTag": "Prototype_GameObject_Bandit_Sniper",
      "StartNaviIndex": 0
    },
    {
      "Component": {
        "Transform": [
          [ 1.0, 0.0, 0.0, 0.0 ],
          [ 0.0, 1.0, 0.0, 0.0 ],
          [ 0.0, 0.0, 1.0, 0.0 ],
          [ 17.08489418029785, -0.015634536743164063, 13.669404983520508, 1.0 ]
        ]
      },
      "MonsterGroupIndex": 0,
      "PrototypeTag": "Prototype_GameObject_Heavy_Vampiric_Zombie",
      "StartNaviIndex": 0
    },
    {
      "Component": {
        "Transform": [
          [ 1.0, 0.0, 0.0, 0.0 ],
          [ 0.0, 1.0, 0.0, 0.0 ],
          [ 0.0, 0.0, 1.0, 0.0 ],
          [ 21.551963806152344, -0.015634536743164063, 14.225231170654297, 1.0 ]
        ]
      },
      "MonsterGroupIndex": 0,
      "PrototypeTag": "Prototype_GameObject_Tank",
      "StartNaviIndex": 0
    },
    {
      "Component": {
        "Transform": [
          [ 1.0, 0.0, 0.0, 0.0 ],
          [ 0.0, 1.0, 0.0, 0.0 ],
          [ 0.0, 0.0, 1.0, 0.0 ],
          [ 5.6746826171875, -0.015633583068847656, 14.361733436584473, 1.0 ]
        ]
      },
      "MonsterGroupIndex": 0,
      "PrototypeTag": "Prototype_GameObject_Infected_A",
      "StartNaviIndex": 0
    },
    {
      "Component": {
        "Transform": [
          [ 1.0, 0.0, 0.0, 0.0 ],
          [ 0.0, 1.0, 0.0, 0.0 ],
          [ 0.0, 0.0, 1.0, 0.0 ],
          [ 17.440231323242188, -0.015636444091796875, 24.96591567993164, 1.0 ]
        ]
      },
      "MonsterGroupIndex": 0,
      "PrototypeTag": "Prototype_GameObject_Infected_B",
      "StartNaviIndex": 0
    },
    {
      "Component": {
        "Transform": [
          [ 1.0, 0.0, 0.0, 0.0 ],
          [ 0.0, 1.0, 0.0, 0.0 ],
          [ 0.0, 0.0, 1.0, 0.0 ],
          [ 26.182458877563477, -0.015636444091796875, 11.283576965332031, 1.0 ]
        ]
      },
      "MonsterGroupIndex": 0,
      "PrototypeTag": "Prototype_GameObject_Infected_C",
      "StartNaviIndex": 1
    }
  ],
  "Special_Json": null,
  "Trigger_Json": null
}
