{"Basic_Json":null,"Instance_Json":null,"Interact_Json":null,"LightObject_Json":[{"Ambient":[0.0,0.0,0.0,0.0],"AnimType":false,"Component":{"Transform":[[1.0,0.0,0.0,0.0],[0.0,1.0,0.0,0.0],[0.0,0.0,1.0,0.0],[0.8024551868438721,0.0,2.2589521408081055,1.0]]},"CutOff":0.0,"Diffuse":[1.0,1.0,1.0,1.0],"Direction":[0.0,0.0,0.0,0.0],"Effect":true,"EffectType":0,"LightEnable":true,"LightIndex":5,"LightType":1,"ModelTag":"Prototype_Component_Model_AddingMachine","OuterCutOff":0.0,"PlayAnimationIndex":0,"Position":[0.8024551868438721,0.0,2.2589521408081055,1.0],"Range":10.0,"ShaderPassIndex":0,"Specular":[0.0,0.0,0.0,0.0]}],"Light_Json":[{"Ambient":[1.0,1.0,1.0,1.0],"CutOff":0.0,"Diffuse":[0.699999988079071,0.699999988079071,0.699999988079071,0.699999988079071],"Direction":[0.0,0.0,0.0,0.0],"LightEnable":true,"LightIndex":4,"OuterCutOff":0.0,"Position":[47.75160598754883,0.0,24.382808685302734,1.0],"Range":10.0,"Specular":[1.0,1.0,1.0,1.0],"Type":1}],"Monster_Json":null}
