{"Basic_Json":null,"Instance_Json":null,"Interact_Json":null,"LightObject_Json":[{"Ambient":[1.0,1.0,1.0,0.0],"AnimType":false,"Component":{"Transform":[[1.0,0.0,0.0,0.0],[0.0,1.0,0.0,0.0],[0.0,0.0,1.0,0.0],[105.8360366821289,-9.5367431640625e-07,16.671833038330078,1.0]]},"CutOff":0.0,"Diffuse":[1.0,1.0,1.0,0.0],"Direction":[0.0,0.0,0.0,0.0],"Effect":true,"EffectType":0,"LightEnable":true,"LightIndex":3,"LightType":1,"ModelTag":"Prototype_Component_Model_AncientTempleDecoColumn2","OuterCutOff":0.0,"PlayAnimationIndex":0,"Position":[105.8360366821289,-9.5367431640625e-07,16.671833038330078,1.0],"Range":10.0,"ShaderPassIndex":0,"Specular":[1.0,1.0,1.0,0.0]}],"Light_Json":[{"Ambient":[1.0,1.0,1.0,0.0],"CutOff":0.0,"Diffuse":[1.0,1.0,1.0,0.0],"Direction":[0.0,0.0,0.0,0.0],"LightEnable":true,"LightIndex":2,"OuterCutOff":0.0,"Position":[19.83181381225586,-9.5367431640625e-07,20.488204956054688,1.0],"Range":10.0,"Specular":[1.0,1.0,1.0,0.0],"Type":1}],"Monster_Json":null}
