{"Basic_Json":null,"Instance_Json":null,"Interact_Json":null,"LightObject_Json":[{"Ambient":[0.0,0.0,0.0,0.0],"AnimType":false,"Component":{"Transform":[[1.0,0.0,0.0,0.0],[0.0,1.0,0.0,0.0],[0.0,0.0,1.0,0.0],[52.972312927246094,-1.9073486328125e-06,30.377758026123047,1.0]]},"CutOff":0.0,"Diffuse":[0.0,0.0,0.0,0.0],"Direction":[0.0,0.0,0.0,0.0],"Effect":true,"EffectType":0,"LightEnable":true,"LightIndex":3,"LightType":1,"ModelTag":"Prototype_Component_Model_AddingMachine","OuterCutOff":0.0,"PlayAnimationIndex":0,"Position":[52.972312927246094,-1.9073486328125e-06,30.377758026123047,1.0],"Range":0.0,"ShaderPassIndex":0,"Specular":[0.0,0.0,0.0,0.0]}],"Light_Json":[{"Ambient":[1.0,1.0,1.0,1.0],"CutOff":0.0,"Diffuse":[1.0,1.0,1.0,1.0],"Direction":[0.0,0.0,0.0,0.0],"LightEnable":true,"LightIndex":2,"OuterCutOff":0.0,"Position":[52.95826721191406,-1.9073486328125e-06,30.112384796142578,1.0],"Range":10.0,"Specular":[1.0,1.0,1.0,1.0],"Type":1}],"Monster_Json":null}
