{"Basic_Json":null,"Instance_Json":[{"Component":{"Transform":[[1.0,0.0,0.0,0.0],[0.0,1.0,0.0,0.0],[0.0,0.0,1.0,0.0],[0.0,0.0,0.0,1.0]]},"Index":0,"InstanceCount":1,"InstanceInfo_Json":[{"Instance_Center":[89.2197265625,-1.9073486328125e-06,78.04254150390625,0.0],"Instance_Index":0,"Instance_Rotation":[4.878104031824648e-10,-0.7071056365966797,4.878110693162796e-10,0.7071079611778259],"Instance_Scale":[0.9999836087226868,0.999999463558197,0.9999836087226868,0.0],"Instance_Translation":[100.9509048461914,-1.8911631514129112e-06,112.35710144042969,0.0]}],"LayerTag":[76,97,121,101,114,95,66,97,99,107,71,114,111,117,110,100,0],"ModelTag":"Prototype_Component_Model_TreeParasiteMotherTree","ObjectTag":"TreeParasiteMotherTree","ShaderPassIndex":1,"Type":"Instance"}],"Interact_Json":null,"LightObject_Json":null,"Light_Json":[{"Ambient":[0.20000000298023224,0.20000000298023224,0.20000000298023224,1.0],"CutOff":0.0,"Diffuse":[1.0,1.0,1.0,1.0],"Direction":[1.0,-1.0,1.0,0.0],"LightEnable":true,"LightIndex":0,"OuterCutOff":0.0,"Position":[0.0,0.0,0.0,0.0],"Range":0.0,"Specular":[0.0,0.0,0.0,1.0],"Type":0}],"Monster_Json":null,"Trigger_Json":null}
