{"Component":{"Transform":[[1.0,0.0,0.0,0.0],[0.0,1.0,0.0,0.0],[0.0,0.0,1.0,0.0],[0.0,0.0,0.0,1.0]]},"Effect":{"bFinished":false,"bLoop":true,"bParentPivot":false,"bPlay":true,"bRender":true,"bReverse":false,"eType_Dead":0,"fLifeTime":2.0,"fRemainTime":0.0,"fSequenceTime":2.0,"fWaitingTime":0.0,"iPartSize":1},"Part":[{"Component":{"Com_VIBuffer":{"bDynamic_Color":true,"bKinetic":true,"bRecycle":false,"bReverse":false,"bUseGravity":true,"bUseRigidBody":true,"bUseScaleLerp":true,"byFreezeAxis":0,"eForce_Mode":1,"eType_Action":0,"eType_ColorLerp":0,"eType_Fade":1,"eType_FrictionLerp":0,"eType_ScaleLerp":11,"fEmissionTime":0.019999999552965164,"fGravity":-4.0,"fSleepThreshold":0.05000000074505806,"iAddEmitCount":150,"iCurNumInstance":500,"vFrictionLerp_Pos":[0.0,0.10000000149011612,0.0,0.0],"vMaxCenterOffsetPos":[0.0,0.0,0.0,0.0],"vMinCenterOffsetPos":[0.0,0.0,0.0,0.0],"vMinMaxAddRange":[0.800000011920929,0.800000011920929,0.0,0.0],"vMinMaxAlpha":[0.0,0.0,0.0,0.0],"vMinMaxBlue":[1.0,0.8588235378265381,0.0,0.0],"vMinMaxGreen":[1.0,0.09097336232662201,0.0,0.0],"vMinMaxHeight":[0.0,0.10000000149011612,0.0,0.0],"vMinMaxLifeTime":[0.10000000149011612,0.8999999761581421,0.0,0.0],"vMinMaxMass":[10.0,10.0,0.0,0.0],"vMinMaxPosY":[0.10000000149011612,3.0,0.0,0.0],"vMinMaxPower":[40.0,40.0,0.0,0.0],"vMinMaxRange":[3.0,3.0,0.0,0.0],"vMinMaxRed":[1.0,0.04041522368788719,0.0,0.0],"vMinMaxRotationOffsetX":[0.0,0.0,0.0,0.0],"vMinMaxRotationOffsetY":[0.0,0.0,0.0,0.0],"vMinMaxRotationOffsetZ":[0.0,360.0,0.0,0.0],"vMinMaxSpeed":[1.0,1.0,0.0,0.0],"vMinMaxTheta":[0.0,360.0,0.0,0.0],"vMinMaxTornadoSpeed":[1.0,1.0,0.0,0.0],"vMinMaxWidth":[0.0,0.07999999821186066,0.0,0.0],"vRadian":[0.0,0.0,0.0,0.0],"vScaleLerp_Down_Pos":[0.5,1.0,0.0,0.0],"vScaleLerp_Up_Pos":[0.0,0.20000000298023224,0.0,0.0],"vStartEnd_Friction":[0.10000000149011612,0.05000000074505806,0.0,0.0]},"Transform":[[0.9999988675117493,0.0,0.0,0.0],[0.0,0.9999973773956299,0.0,0.0],[0.0,0.0,0.9999973773956299,0.0],[0.0,0.0,0.0,1.0]]},"bBillBoard":false,"bDissolve":false,"bLoop":true,"bParentPivot":true,"bPlay":true,"bRender":true,"bReverse":false,"bUV_Wave":false,"bUseRigidBody":true,"bUseSpriteAnim":false,"eMode_Color":1,"eType_Easing":0,"eType_Effect":0,"eType_Scroll":4,"fDistortionBias":0.0,"fDistortionScale":0.0,"fLifeTime":2.0,"fRemainTime":0.0,"fRimPower":5.0,"fSequenceTerm":0.05000000074505806,"fSequenceTime":2.0,"fUV_RotDegree":0.0,"fUV_WaveSpeed":1.0,"fWaitingTime":0.0,"iCurNumInstance":500,"iRenderGroup":6,"iShaderPassIndex":0,"iTextureIndex":[0,0,5,0,0],"strModelTag":["",""],"strPartTag":"Part_Particle_000","strProtoTag":"Prototype_GameObject_Effect_Particle","strTextureTag":["Prototype_Component_Texture_Effect_Diffuse","","Prototype_Component_Texture_Effect_Mask","Prototype_Component_Texture_Effect_Noise","Prototype_Component_Texture_Effect_Sprite"],"vBloomPower":[0.03921568766236305,0.24705882370471954,0.8588235378265381,0.0],"vColor_Clip":[0.0,0.0,0.0,0.20000000298023224],"vColor_Mul":[1.0,1.0,1.0,1.0],"vColor_Offset":[0.0,0.0,0.0,0.0],"vDistortion1":[0.0,0.0,0.0,0.0],"vDistortion2":[0.0,0.0,0.0,0.0],"vDistortion3":[0.0,0.0,0.0,0.0],"vRimColor":[1.0,1.0,1.0,1.0],"vScales":[0.0,0.0,0.0,0.0],"vScrollSpeeds":[0.0,0.0,0.0,0.0],"vTextureSize":[1792.0,1792.0,0.0,0.0],"vTileSize":[256.0,256.0,0.0,0.0],"vUV_MaxTileCount":[7.0,7.0,0.0,0.0],"vUV_MinTileCount":[0.0,0.0,0.0,0.0],"vUV_Offset":[0.0,0.0,0.0,0.0],"vUV_Scale":[1.0,1.0,0.0,0.0]}]}
