{"Component":{"Transform":[[1.0,0.0,0.0,0.0],[0.0,1.0,0.0,0.0],[0.0,0.0,1.0,0.0],[0.0,0.0,0.0,1.0]]},"Effect":{"bActive_Tool":true,"bFinished":true,"bLoop":false,"bPlay":true,"bRender":true,"bReverse":false,"eType_Easing":0,"fLifeTime":2.0,"fLifeTimeRatio":1.0,"fRemainAcc":13.378631591796875,"fRemainTime":0.0,"fSequenceAcc":15.372772216796875,"fSequenceTime":2.0,"fTimeAcc":15.372772216796875,"fWaitingAcc":0.0,"fWaitingTime":0.0,"iPartSize":1,"matOffset":[[1.0,0.0,0.0,0.0],[0.0,1.0,0.0,0.0],[0.0,0.0,1.0,0.0],[0.0,0.0,0.0,1.0]],"matPivot":[[1.0,0.0,0.0,0.0],[0.0,1.0,0.0,0.0],[0.0,0.0,1.0,0.0],[0.0,0.0,0.0,1.0]],"strOwnerTag":"\u0000"},"Part":[{"Component":{"Com_VIBuffer":{"bDynamic_Color":true,"bKinetic":true,"bUseGravity":true,"bUseRigidBody":true,"byFreezeAxis":0,"eForce_Mode":1,"eType_ColorLerp":0,"eType_Fade":1,"eType_ScaleLerp":0,"fFriction":0.10000000149011612,"fGravity":-1.0,"fSleepThreshold":0.05000000074505806,"iCurNumInstance":130,"vLerpScale_Pos":[0.0,0.25,0.0,0.0],"vMinMaxAlpha":[1.0,1.0,0.0,0.0],"vMinMaxBlue":[1.0,1.0,0.0,0.0],"vMinMaxCenterX":[0.0,0.30000001192092896,0.0,0.0],"vMinMaxCenterY":[0.0,0.0,0.0,0.0],"vMinMaxCenterZ":[0.0,0.0,0.0,0.0],"vMinMaxGreen":[1.0,1.0,0.0,0.0],"vMinMaxHeight":[0.20000000298023224,0.20000000298023224,0.0,0.0],"vMinMaxLifeTime":[0.10000000149011612,2.0,0.0,0.0],"vMinMaxMass":[10.0,10.0,0.0,0.0],"vMinMaxPower":[0.10000000149011612,100.0,0.0,0.0],"vMinMaxRange":[0.10000000149011612,2.0,0.0,0.0],"vMinMaxRed":[1.0,1.0,0.0,0.0],"vMinMaxRotationOffsetX":[0.0,0.0,0.0,0.0],"vMinMaxRotationOffsetY":[0.0,3.1415927410125732,0.0,0.0],"vMinMaxRotationOffsetZ":[0.0,360.0,0.0,0.0],"vMinMaxSpeed":[1.0,1.0,0.0,0.0],"vMinMaxWidth":[0.10000000149011612,0.10000000149011612,0.0,0.0],"vScaleSpeed":[0.004999999888241291,0.05000000074505806,0.0,0.0]},"Transform":[[1.0,0.0,0.0,0.0],[0.0,1.0,0.0,0.0],[0.0,0.0,1.0,0.0],[0.0,0.0,0.0,1.0]]},"bActive_Tool":true,"bBillBoard":false,"bDissolve":false,"bLoop":true,"bParentPivot":true,"bPlay":true,"bRender":true,"bReverse":false,"bUV_Wave":false,"bUseRigidBody":true,"bUseSpriteAnim":false,"eType_Easing":0,"eType_Effect":0,"fLifeTime":2.0,"fRemainTime":0.0,"fSequenceTerm":0.05000000074505806,"fSequenceTime":2.0,"fUV_RotDegree":0.0,"fUV_WaveSpeed":1.0,"fWaitingTime":0.0,"iCurNumInstance":130,"iRenderGroup":6,"iShaderPassIndex":0,"iTextureIndex":[0,0,11,0,0],"matOffset":[[1.0,0.0,0.0,0.0],[0.0,1.0,0.0,0.0],[0.0,0.0,1.0,0.0],[0.0,0.0,0.0,1.0]],"matPivot":[[1.0,0.0,0.0,0.0],[0.0,1.0,0.0,0.0],[0.0,0.0,1.0,0.0],[0.0,0.0,0.0,1.0]],"strModelTag":["",""],"strPartTag":"Part_Particle_000","strProtoTag":"Prototype_GameObject_Effect_Particle","strTextureTag":["Prototype_Component_Texture_Effect_Diffuse","","Prototype_Component_Texture_Effect_Mask","Prototype_Component_Texture_Effect_Noise","Prototype_Component_Texture_Effect_Sprite"],"vColor_Clip":[0.0,0.0,0.0,0.6000000238418579],"vColor_Mul":[1.0,1.0,1.0,1.0],"vColor_Offset":[0.0,0.0,0.0,0.0],"vTextureSize":[1792.0,1792.0,0.0,0.0],"vTileSize":[256.0,256.0,0.0,0.0],"vUV_MaxTileCount":[7.0,7.0,0.0,0.0],"vUV_MinTileCount":[0.0,0.0,0.0,0.0],"vUV_Offset":[0.0,0.0,0.0,0.0],"vUV_Scale":[0.0,0.0,0.0,0.0]}]}
