{"Body":{"AnimDuration":25.0,"AnimIndex":187,"AnimationName":"Player_Empowered_Winchester_IdleFire","AnimationSpeed":1.0,"BoneIndex":325,"BoneName":"RightHandIK","ColliderSize":0.0,"ColliderTrackPositionOff":25.0,"ColliderTrackPositionOn":0.0,"CurrentTrackPosition":11.501862525939941,"Layer":"Layer_Player","SelectCreateIndex":1,"Tag":"Prototype_GameObject_Player","Type":"TypeBody"},"Weapon":{"AnimDuration":25.0,"AnimIndex":187,"AnimationName":"Player_Empowered_Winchester_IdleFire","AnimationSpeed":1.0,"BoneName":"RightHandIK","CurrentTrackPosition":11.501862525939941,"GuizmoRotation":[72.62425994873047,32.01884841918945,148.2106475830078,0.0],"GuizmoScale":[0.9999985098838806,0.9999995231628418,0.9999998807907104,0.0],"GuizmoTranslation":[0.20000000298023224,0.0,0.15000000596046448,0.0],"Type":"TypeWeapon","WeaponColliderSize":0.0,"WeaponColliderTrackPositionOff":25.0,"WeaponColliderTrackPositionOn":0.0,"WeaponTag":"Prototype_GameObject_Player_Weapon_Winchester","WeaponWorldMatrix":[[-0.15144699811935425,-0.494221568107605,-0.8560408353805542,0.0],[-0.9733527302742004,0.22542041540145874,0.04205862432718277,0.0],[0.1721837818622589,0.8396008610725403,-0.5151920914649963,0.0],[0.3562374413013458,1.4810409545898438,0.31885814666748047,1.0]]}}
