{"Component":{"Transform":[[1.0,0.0,0.0,0.0],[0.0,1.0,0.0,0.0],[0.0,0.0,1.0,0.0],[0.0,0.0,0.0,1.0]]},"Effect":{"bActive_Tool":true,"bFinished":false,"bLoop":true,"bPlay":true,"bRender":true,"bReverse":false,"eType_Easing":0,"fLifeTime":5.0,"fLifeTimeRatio":0.5834258794784546,"fRemainAcc":0.0,"fRemainTime":0.0,"fSequenceAcc":2.9171295166015625,"fSequenceTime":5.0,"fTimeAcc":2.9171295166015625,"fWaitingAcc":0.0,"fWaitingTime":0.0,"iPartSize":2,"matOffset":[[1.0,0.0,0.0,0.0],[0.0,1.0,0.0,0.0],[0.0,0.0,1.0,0.0],[0.0,0.0,0.0,1.0]],"matPivot":[[1.0,0.0,0.0,0.0],[0.0,1.0,0.0,0.0],[0.0,0.0,1.0,0.0],[0.0,0.0,0.0,1.0]],"strOwnerTag":"\u0000"},"Part":[{"Component":{"Com_VIBuffer":{"bLoop":true,"bReverse":false,"bSpriteAnim":false,"bUseGravity":false,"eType_Action":0,"eType_ColorLerp":0,"eType_Fade":0,"fAccPosition":0.10000000149011612,"fGravityAcc":-9.800000190734863,"fSequenceTerm":0.05000000074505806,"fSpeedAcc":2.0,"fUseGravityPosition":0.10000000149011612,"iCurNumInstance":200,"vAddScale":[0.0,0.0,0.0,0.0],"vCenterPosition":[0.0,0.0,0.0,1.0],"vCurrentColor":[0.5834258794784546,0.5834258794784546,0.5834258794784546,0.0],"vCurrentRotation":[0.0,0.0,0.0,0.0],"vCurrentScale":[0.23294205963611603,0.23294205963611603,0.0,0.0],"vMinMaxAlpha":[0.0,1.0,0.0,0.0],"vMinMaxBlue":[0.0,1.0,0.0,0.0],"vMinMaxGreen":[0.0,1.0,0.0,0.0],"vMinMaxLifeTime":[0.0,5.0,0.0,0.0],"vMinMaxRange":[0.10000000149011612,3.0,0.0,0.0],"vMinMaxRangeLength":[3.0,3.0,0.0,0.0],"vMinMaxRed":[0.0,1.0,0.0,0.0],"vMinMaxRotationForce":[0.0,0.0,0.0,0.0],"vMinMaxRotationOffsetX":[0.0,360.0,0.0,0.0],"vMinMaxRotationOffsetY":[0.0,360.0,0.0,0.0],"vMinMaxRotationOffsetZ":[0.0,360.0,0.0,0.0],"vMinMaxScale":[0.20000000298023224,0.5,0.0,0.0],"vMinMaxSpeed":[0.10000000149011612,5.0,0.0,0.0],"vRotationOffset":[2.1265368461608887,3.9706175327301025,0.012618692591786385,0.0],"vTextureSize":[1792.0,1792.0,0.0,0.0],"vTileSize":[256.0,256.0,0.0,0.0],"vUV_CurTileIndex":[0.0,0.0,0.0,0.0],"vUV_MaxTileCount":[7.0,7.0,0.0,0.0],"vUV_MinTileCount":[0.0,0.0,0.0,0.0]},"Transform":[[1.0,0.0,0.0,0.0],[0.0,1.0,0.0,0.0],[0.0,0.0,1.0,0.0],[0.0,0.0,0.0,1.0]]},"bActive_Tool":true,"bBillBoard":false,"bColor_Lerp":true,"bDissolve":false,"bLoop":true,"bParentPivot":true,"bPlay":true,"bPosition_Lerp":true,"bRender":true,"bReverse":false,"bRotation_Lerp":true,"bScaling_Lerp":true,"bUV_Wave":false,"bVelocity_Lerp":true,"eType_Easing":0,"eType_Effect":0,"fBloom":0.0,"fDissolveAmount":0.0,"fRadial":0.0,"fUV_RotDegree":0.0,"fUV_WaveSpeed":1.0,"iRenderGroup":7,"iShaderPassIndex":1,"iTextureIndex":[0,0,0,0],"matOffset":[[1.0,0.0,0.0,0.0],[0.0,1.0,0.0,0.0],[0.0,0.0,1.0,0.0],[0.0,0.0,0.0,1.0]],"matPivot":[[1.0,0.0,0.0,0.0],[0.0,1.0,0.0,0.0],[0.0,0.0,1.0,0.0],[0.0,0.0,0.0,1.0]],"padding":0.0,"strPartTag":"Part_Particle_000\u0000","strProtoTag":"Prototype_GameObject_Effect_Particle\u0000","strTextureTag":["Prototype_Component_Texture_Effect_Particle_Base\u0000","Prototype_Component_Texture_Effect_Mask\u0000","Prototype_Component_Texture_Effect_Noise\u0000","\u0000"],"vColor_Clip":[0.0,0.0,0.0,0.800000011920929],"vColor_Cur":[1.0,1.0,1.0,1.0],"vColor_End":[1.0,1.0,1.0,1.0],"vColor_Mul":[1.0,1.0,1.0,1.0],"vColor_Offset":[0.0,0.0,0.0,0.0],"vColor_Start":[0.0,0.0,0.0,0.0],"vPosition_End":[0.0,0.0,0.0,0.0],"vPosition_Start":[0.0,0.0,0.0,0.0],"vRotation_End":[0.0,0.0,0.0,0.0],"vRotation_Start":[0.0,0.0,0.0,0.0],"vScaling_End":[1.0,1.0,1.0,0.0],"vScaling_Start":[1.0,1.0,1.0,0.0],"vUV_Offset":[0.0,0.0,0.0,0.0],"vUV_Scale":[0.0,0.0,0.0,0.0],"vVelocity_Cur":[0.0,0.0,0.0,0.0],"vVelocity_End":[0.0,0.0,0.0,0.0],"vVelocity_Start":[0.0,0.0,0.0,0.0]},{"Component":{"Com_VIBuffer":{"bLoop":true,"bReverse":true,"bSpriteAnim":false,"bUseGravity":false,"eType_Action":0,"eType_ColorLerp":0,"eType_Fade":0,"fAccPosition":0.10000000149011612,"fGravityAcc":-9.800000190734863,"fSequenceTerm":0.05000000074505806,"fSpeedAcc":2.0,"fUseGravityPosition":0.10000000149011612,"iCurNumInstance":200,"vAddScale":[0.0,0.0,0.0,0.0],"vCenterPosition":[0.0,0.0,0.0,1.0],"vCurrentColor":[0.5834258794784546,0.5834258794784546,0.5834258794784546,0.0],"vCurrentRotation":[0.0,0.0,0.0,0.0],"vCurrentScale":[0.23294205963611603,0.23294205963611603,0.0,0.0],"vMinMaxAlpha":[0.0,1.0,0.0,0.0],"vMinMaxBlue":[0.0,1.0,0.0,0.0],"vMinMaxGreen":[0.0,1.0,0.0,0.0],"vMinMaxLifeTime":[0.0,5.0,0.0,0.0],"vMinMaxRange":[0.10000000149011612,3.0,0.0,0.0],"vMinMaxRangeLength":[3.0,3.0,0.0,0.0],"vMinMaxRed":[0.0,1.0,0.0,0.0],"vMinMaxRotationForce":[0.0,0.0,0.0,0.0],"vMinMaxRotationOffsetX":[0.0,360.0,0.0,0.0],"vMinMaxRotationOffsetY":[0.0,360.0,0.0,0.0],"vMinMaxRotationOffsetZ":[0.0,360.0,0.0,0.0],"vMinMaxScale":[0.20000000298023224,0.5,0.0,0.0],"vMinMaxSpeed":[0.10000000149011612,5.0,0.0,0.0],"vRotationOffset":[2.1265368461608887,3.9706175327301025,0.012618692591786385,0.0],"vTextureSize":[1792.0,1792.0,0.0,0.0],"vTileSize":[256.0,256.0,0.0,0.0],"vUV_CurTileIndex":[0.0,0.0,0.0,0.0],"vUV_MaxTileCount":[7.0,7.0,0.0,0.0],"vUV_MinTileCount":[0.0,0.0,0.0,0.0]},"Transform":[[1.0,0.0,0.0,0.0],[0.0,1.0,0.0,0.0],[0.0,0.0,1.0,0.0],[0.0,0.0,0.0,1.0]]},"bActive_Tool":true,"bBillBoard":false,"bColor_Lerp":true,"bDissolve":false,"bLoop":true,"bParentPivot":true,"bPlay":true,"bPosition_Lerp":true,"bRender":true,"bReverse":false,"bRotation_Lerp":true,"bScaling_Lerp":true,"bUV_Wave":false,"bVelocity_Lerp":true,"eType_Easing":0,"eType_Effect":0,"fBloom":0.0,"fDissolveAmount":0.0,"fRadial":0.0,"fUV_RotDegree":0.0,"fUV_WaveSpeed":1.0,"iRenderGroup":7,"iShaderPassIndex":1,"iTextureIndex":[0,0,0,0],"matOffset":[[1.0,0.0,0.0,0.0],[0.0,1.0,0.0,0.0],[0.0,0.0,1.0,0.0],[0.0,0.0,0.0,1.0]],"matPivot":[[1.0,0.0,0.0,0.0],[0.0,1.0,0.0,0.0],[0.0,0.0,1.0,0.0],[0.0,0.0,0.0,1.0]],"padding":0.0,"strPartTag":"Part_Particle_001\u0000","strProtoTag":"Prototype_GameObject_Effect_Particle\u0000","strTextureTag":["Prototype_Component_Texture_Effect_Particle_Base\u0000","Prototype_Component_Texture_Effect_Mask\u0000","Prototype_Component_Texture_Effect_Noise\u0000","\u0000"],"vColor_Clip":[0.0,0.0,0.0,0.800000011920929],"vColor_Cur":[1.0,1.0,1.0,1.0],"vColor_End":[1.0,1.0,1.0,1.0],"vColor_Mul":[1.0,1.0,1.0,1.0],"vColor_Offset":[0.0,0.0,0.0,0.0],"vColor_Start":[0.0,0.0,0.0,0.0],"vPosition_End":[0.0,0.0,0.0,0.0],"vPosition_Start":[0.0,0.0,0.0,0.0],"vRotation_End":[0.0,0.0,0.0,0.0],"vRotation_Start":[0.0,0.0,0.0,0.0],"vScaling_End":[1.0,1.0,1.0,0.0],"vScaling_Start":[1.0,1.0,1.0,0.0],"vUV_Offset":[0.0,0.0,0.0,0.0],"vUV_Scale":[0.0,0.0,0.0,0.0],"vVelocity_Cur":[0.0,0.0,0.0,0.0],"vVelocity_End":[0.0,0.0,0.0,0.0],"vVelocity_Start":[0.0,0.0,0.0,0.0]}]}
