{"Component":{"Transform":[[1.0,0.0,0.0,0.0],[0.0,1.0,0.0,0.0],[0.0,0.0,1.0,0.0],[0.0,0.0,0.0,1.0]]},"Effect":{"bActive_Tool":true,"bFinished":false,"bLoop":true,"bPlay":true,"bRender":true,"bReverse":false,"eType_Easing":0,"fLifeTime":1.5,"fLifeTimeRatio":0.6445370316505432,"fRemainAcc":0.0,"fRemainTime":0.0,"fSequenceAcc":0.9668055176734924,"fSequenceTime":1.5,"fTimeAcc":0.9668055176734924,"fWaitingAcc":0.0,"fWaitingTime":0.0,"iPartSize":2,"matOffset":[[1.0,0.0,0.0,0.0],[0.0,1.0,0.0,0.0],[0.0,0.0,1.0,0.0],[0.0,0.0,0.0,1.0]],"matPivot":[[1.0,0.0,0.0,0.0],[0.0,1.0,0.0,0.0],[0.0,0.0,1.0,0.0],[0.0,0.0,0.0,1.0]],"strOwnerTag":"\u0000"},"Part":[{"Component":{"Com_VIBuffer":{"bDynamic_Color":false,"bKinetic":true,"bUseGravity":true,"bUseRigidBody":true,"byFreezeAxis":0,"eForce_Mode":1,"eType_ColorLerp":0,"eType_Fade":1,"eType_ScaleLerp":14,"fFriction":0.10000000149011612,"fGravity":-50.0,"fSleepThreshold":0.05000000074505806,"iCurNumInstance":200,"vLerpScale_Pos":[0.0010000000474974513,0.44999998807907104,0.0,0.0],"vMinMaxAlpha":[1.0,1.0,0.0,0.0],"vMinMaxBlue":[0.20581087470054626,0.018604377284646034,0.0,0.0],"vMinMaxCenterX":[0.0,0.0,0.0,0.0],"vMinMaxCenterY":[0.0,0.0,0.0,0.0],"vMinMaxCenterZ":[0.0,0.0,0.0,0.0],"vMinMaxGreen":[0.2610313892364502,0.018604377284646034,0.0,0.0],"vMinMaxHeight":[1.0,1.0,0.0,0.0],"vMinMaxLifeTime":[0.10000000149011612,1.5,0.0,0.0],"vMinMaxMass":[10.0,10.0,0.0,0.0],"vMinMaxPower":[0.10000000149011612,200.0,0.0,0.0],"vMinMaxRange":[2.0,3.0,0.0,0.0],"vMinMaxRed":[0.3011583089828491,0.15057915449142456,0.0,0.0],"vMinMaxRotationOffsetX":[0.0,360.0,0.0,0.0],"vMinMaxRotationOffsetY":[0.0,360.0,0.0,0.0],"vMinMaxRotationOffsetZ":[0.0,360.0,0.0,0.0],"vMinMaxSpeed":[0.5,3.0,0.0,0.0],"vMinMaxWidth":[1.0,1.0,0.0,0.0],"vScaleSpeed":[0.004999999888241291,0.05000000074505806,0.0,0.0]},"Transform":[[1.0,0.0,0.0,0.0],[0.0,1.0,0.0,0.0],[0.0,0.0,1.0,0.0],[0.0,0.0,0.0,1.0]]},"bActive_Tool":true,"bBillBoard":false,"bDissolve":false,"bLoop":true,"bParentPivot":true,"bPlay":true,"bRender":true,"bReverse":false,"bUV_Wave":false,"bUseRigidBody":true,"bUseSpriteAnim":false,"eType_Easing":0,"eType_Effect":0,"fLifeTime":1.5,"fRemainTime":0.0,"fSequenceTerm":0.05000000074505806,"fSequenceTime":1.5,"fUV_RotDegree":0.0,"fUV_WaveSpeed":1.0,"fWaitingTime":0.0,"iCurNumInstance":200,"iRenderGroup":5,"iShaderPassIndex":0,"iTextureIndex":[0,5,0,0],"matOffset":[[1.0,0.0,0.0,0.0],[0.0,1.0,0.0,0.0],[0.0,0.0,1.0,0.0],[0.0,0.0,0.0,1.0]],"matPivot":[[1.0,0.0,0.0,0.0],[0.0,1.0,0.0,0.0],[0.0,0.0,1.0,0.0],[0.0,0.0,0.0,1.0]],"strModelTag":"","strPartTag":"Part_Particle_000","strProtoTag":"Prototype_GameObject_Effect_Particle","strTextureTag":["Prototype_Component_Texture_Effect_Diffuse","Prototype_Component_Texture_Effect_Mask","Prototype_Component_Texture_Effect_Noise","Prototype_Component_Texture_Effect_Sprite"],"vColor_Clip":[0.0,0.0,0.0,0.30000001192092896],"vColor_Mul":[1.0,1.0,1.0,1.0],"vColor_Offset":[0.0,0.0,0.0,0.0],"vTextureSize":[1792.0,1792.0,0.0,0.0],"vTileSize":[256.0,256.0,0.0,0.0],"vUV_MaxTileCount":[7.0,7.0,0.0,0.0],"vUV_MinTileCount":[0.0,0.0,0.0,0.0],"vUV_Offset":[0.0,0.0,0.0,0.0],"vUV_Scale":[0.0,0.0,0.0,0.0]},{"Component":{"Com_VIBuffer":{"bDynamic_Color":true,"bKinetic":true,"bUseGravity":true,"bUseRigidBody":true,"byFreezeAxis":0,"eForce_Mode":1,"eType_ColorLerp":0,"eType_Fade":1,"eType_ScaleLerp":0,"fFriction":0.10000000149011612,"fGravity":-80.0,"fSleepThreshold":0.05000000074505806,"iCurNumInstance":1,"vLerpScale_Pos":[0.0,0.5,0.0,0.0],"vMinMaxAlpha":[1.0,1.0,0.0,0.0],"vMinMaxBlue":[0.0,0.03293033689260483,0.0,0.0],"vMinMaxCenterX":[0.0,0.0,0.0,0.0],"vMinMaxCenterY":[0.0,0.0,0.0,0.0],"vMinMaxCenterZ":[0.0,0.0,0.0,0.0],"vMinMaxGreen":[0.0,0.03293033689260483,0.0,0.0],"vMinMaxHeight":[12.0,12.0,0.0,0.0],"vMinMaxLifeTime":[0.10000000149011612,1.4500000476837158,0.0,0.0],"vMinMaxMass":[10.0,10.0,0.0,0.0],"vMinMaxPower":[0.10000000149011612,250.0,0.0,0.0],"vMinMaxRange":[0.0,0.0,0.0,0.0],"vMinMaxRed":[0.0,0.1814671754837036,0.0,0.0],"vMinMaxRotationOffsetX":[0.0,0.0,0.0,0.0],"vMinMaxRotationOffsetY":[0.0,0.0,0.0,0.0],"vMinMaxRotationOffsetZ":[0.0,0.0,0.0,0.0],"vMinMaxSpeed":[1.0,1.0,0.0,0.0],"vMinMaxWidth":[12.0,12.0,0.0,0.0],"vScaleSpeed":[0.004999999888241291,0.05000000074505806,0.0,0.0]},"Transform":[[1.0,0.0,0.0,0.0],[0.0,1.0,0.0,0.0],[0.0,0.0,1.0,0.0],[0.0,8.0,0.0,1.0]]},"bActive_Tool":true,"bBillBoard":true,"bDissolve":false,"bLoop":true,"bParentPivot":true,"bPlay":true,"bRender":false,"bReverse":false,"bUV_Wave":false,"bUseRigidBody":true,"bUseSpriteAnim":true,"eType_Easing":0,"eType_Effect":0,"fLifeTime":1.4500000476837158,"fRemainTime":0.0,"fSequenceTerm":0.019999999552965164,"fSequenceTime":1.4500000476837158,"fUV_RotDegree":0.0,"fUV_WaveSpeed":1.0,"fWaitingTime":0.05000000074505806,"iCurNumInstance":1,"iRenderGroup":5,"iShaderPassIndex":0,"iTextureIndex":[0,0,0,7],"matOffset":[[1.0,0.0,0.0,0.0],[0.0,1.0,0.0,0.0],[0.0,0.0,1.0,0.0],[0.0,8.0,0.0,1.0]],"matPivot":[[1.0,0.0,0.0,0.0],[0.0,1.0,0.0,0.0],[0.0,0.0,1.0,0.0],[0.0,0.0,0.0,1.0]],"strModelTag":"","strPartTag":"Part_Particle_001","strProtoTag":"Prototype_GameObject_Effect_Particle","strTextureTag":["Prototype_Component_Texture_Effect_Diffuse","Prototype_Component_Texture_Effect_Mask","Prototype_Component_Texture_Effect_Noise","Prototype_Component_Texture_Effect_Sprite"],"vColor_Clip":[0.0,0.0,0.0,0.0],"vColor_Mul":[1.0,1.0,1.0,1.0],"vColor_Offset":[0.0,0.0,0.0,0.0],"vTextureSize":[2048.0,2048.0,0.0,0.0],"vTileSize":[409.6000061035156,409.6000061035156,0.0,0.0],"vUV_MaxTileCount":[5.0,5.0,0.0,0.0],"vUV_MinTileCount":[0.0,0.0,0.0,0.0],"vUV_Offset":[0.800000011920929,0.800000011920929,0.0,0.0],"vUV_Scale":[0.20000000298023224,0.20000000298023224,0.0,0.0]}]}
