{

  "Component": {
    "Com_VIBuffer": {
      "bDynamic_Color": true,
      "bKinetic": true,
      "bRecycle": false,
      "bReverse": false,
      "bUseGravity": true,
      "bUseRigidBody": true,
      "bUseScaleLerp": false,
      "byFreezeAxis": 0,
      "eForce_Mode": 3,
      "eType_Action": 0,
      "eType_ColorLerp": 0,
      "eType_Fade": 1,
      "eType_FrictionLerp": 0,
      "eType_ScaleLerp": 0,
      "fEmissionTime": 0.07999999821186066,
      "fGravity": -4.0,
      "fSleepThreshold": 9.999999747378752e-05,
      "iAddEmitCount": 0,
      "iCurNumInstance": 4,
      "vFrictionLerp_Pos": [ 0.0, 0.0, 0.0, 0.0 ],
      "vMaxCenterOffsetPos": [ 1.0, 0.0, 1.0, 0.0 ],
      "vMinCenterOffsetPos": [ -1.0, 0.0, -1.0, 0.0 ],
      "vMinMaxAddRange": [ 0.0, 0.0, 0.0, 0.0 ],
      "vMinMaxAlpha": [ 1.0, 1.0, 0.0, 0.0 ],
      "vMinMaxBlue": [ 0.354198694229126, 0.04937315732240677, 0.0, 0.0 ],
      "vMinMaxGreen": [ 0.354198694229126, 0.14326252043247223, 0.0, 0.0 ],
      "vMinMaxHeight": [ 4.0, 4.0, 0.0, 0.0 ],
      "vMinMaxLifeTime": [ 0.10000000149011612, 1.5, 0.0, 0.0 ],
      "vMinMaxMass": [ 10.0, 10.0, 0.0, 0.0 ],
      "vMinMaxPosY": [ 0.10000000149011612, 3.0, 0.0, 0.0 ],
      "vMinMaxPower": [ 0.009999999776482582, 0.009999999776482582, 0.0, 0.0 ],
      "vMinMaxRange": [ 0.10000000149011612, 3.0, 0.0, 0.0 ],
      "vMinMaxRed": [ 0.8339768648147583, 0.5559845566749573, 0.0, 0.0 ],
      "vMinMaxRotationOffsetX": [ 0.0, 0.0, 0.0, 0.0 ],
      "vMinMaxRotationOffsetY": [ 0.0, 0.0, 0.0, 0.0 ],
      "vMinMaxRotationOffsetZ": [ 0.0, 0.0, 0.0, 0.0 ],
      "vMinMaxSpeed": [ 1.0, 1.0, 0.0, 0.0 ],
      "vMinMaxTheta": [ 0.0, 360.0, 0.0, 0.0 ],
      "vMinMaxTornadoSpeed": [ 1.0, 1.0, 0.0, 0.0 ],
      "vMinMaxWidth": [ 4.0, 4.0, 0.0, 0.0 ],
      "vRadian": [ 0.0, 0.0, 0.0, 0.0 ],
      "vScaleLerp_Down_Pos": [ 1.0, 1.0, 0.0, 0.0 ],
      "vScaleLerp_Up_Pos": [ 0.0, 0.30000001192092896, 0.0, 0.0 ],
      "vStartEnd_Friction": [ 0.0, 0.0, 0.0, 0.0 ]
    },
    "Transform": [
      [ 1.0, 0.0, 0.0, 0.0 ],
      [ 0.0, 1.0, 0.0, 0.0 ],
      [ 0.0, 0.0, 1.0, 0.0 ],
      [ 0.0, 2.299999952316284, 0.0, 1.0 ]
    ]
  },
  "bBillBoard": true,
  "bDissolve": true,
  "bLoop": false,
  "bParentPivot": true,
  "bPlay": true,
  "bRender": false,
  "bReverse": false,
  "bUV_Wave": false,
  "bUseRigidBody": true,
  "bUseSpriteAnim": true,
  "eMode_Color": 0,
  "eType_Easing": 0,
  "eType_Effect": 0,
  "eType_Scroll": 4,
  "fDistortionBias": 0.0,
  "fDistortionScale": 0.0,
  "fLifeTime": 1.5,
  "fRemainTime": 0.0,
  "fRimPower": 5.0,
  "fSequenceTerm": 0.019999999552965164,
  "fSequenceTime": 1.5,
  "fUV_RotDegree": 0.0,
  "fUV_WaveSpeed": 1.0,
  "fWaitingTime": 0.0,
  "iCurNumInstance": 4,
  "iRenderGroup": 6,
  "iShaderPassIndex": 1,
  "iTextureIndex": [ 7, 0, 0, 0, 0 ],
  "strModelTag": [ "", "" ],
  "strPartTag": "Part_00",
  "strProtoTag": "Prototype_GameObject_Effect_Particle",
  "strTextureTag": [ "Prototype_Component_Texture_Effect_Diffuse_Sprite", "", "Prototype_Component_Texture_Effect_Mask", "Prototype_Component_Texture_Effect_Noise", "" ],
  "vBloomPower": [ 0.17374515533447266, 0.0, 0.0, 0.0 ],
  "vColor_Clip": [ 0.0, 0.0, 0.0, 0.800000011920929 ],
  "vColor_Mul": [ 1.0, 1.0, 1.0, 1.0 ],
  "vColor_Offset": [ 0.0, 0.0, 0.0, 0.0 ],
  "vDistortion1": [ 0.0, 0.0, 0.0, 0.0 ],
  "vDistortion2": [ 0.0, 0.0, 0.0, 0.0 ],
  "vDistortion3": [ 0.0, 0.0, 0.0, 0.0 ],
  "vRimColor": [ 1.0, 1.0, 1.0, 1.0 ],
  "vScales": [ 0.0, 0.0, 0.0, 0.0 ],
  "vScrollSpeeds": [ 0.0, 0.0, 0.0, 0.0 ],
  "vTextureSize": [ 2048.0, 2048.0, 0.0, 0.0 ],
  "vTileSize": [ 409.6000061035156, 409.6000061035156, 0.0, 0.0 ],
  "vUV_MaxTileCount": [ 5.0, 5.0, 0.0, 0.0 ],
  "vUV_MinTileCount": [ 0.0, 0.0, 0.0, 0.0 ],
  "vUV_Offset": [ 0.800000011920929, 0.800000011920929, 0.0, 0.0 ],
  "vUV_Scale": [ 0.20000000298023224, 0.20000000298023224, 0.0, 0.0 ]
}
