{"Component":{"Transform":[[1.0,0.0,0.0,0.0],[0.0,1.0,0.0,0.0],[0.0,0.0,1.0,0.0],[0.0,0.0,0.0,1.0]]},"Effect":{"bFinished":false,"bLoop":true,"bParentPivot":false,"bPlay":true,"bRender":true,"bReverse":false,"eType_Dead":0,"fLifeTime":300.0,"fRemainTime":0.0,"fSequenceTime":300.0,"fWaitingTime":0.0,"iPartSize":2},"Part":[{"Component":{"Com_VIBuffer":{"bDynamic_Color":false,"bKinetic":true,"bRecycle":true,"bReverse":false,"bUseGravity":true,"bUseRigidBody":false,"bUseScaleLerp":false,"byFreezeAxis":0,"eForce_Mode":1,"eType_Action":3,"eType_ColorLerp":0,"eType_Fade":1,"eType_FrictionLerp":0,"eType_ScaleLerp":0,"fAddRange":0.0,"fGravity":-9.800000190734863,"fSleepThreshold":0.05000000074505806,"iCurNumInstance":200,"vFrictionLerp_Pos":[0.0,0.0,0.0,0.0],"vMaxCenterOffsetPos":[40.0,0.0,40.0,0.0],"vMinCenterOffsetPos":[-40.0,0.0,-40.0,0.0],"vMinMaxAlpha":[1.0,1.0,0.0,0.0],"vMinMaxBlue":[0.003921568859368563,0.003921568859368563,0.0,0.0],"vMinMaxGreen":[0.003921568859368563,0.003921568859368563,0.0,0.0],"vMinMaxHeight":[0.20000000298023224,0.20000000298023224,0.0,0.0],"vMinMaxLifeTime":[5.0,300.0,0.0,0.0],"vMinMaxMass":[10.0,10.0,0.0,0.0],"vMinMaxPosY":[-1.0,5.0,0.0,0.0],"vMinMaxPower":[0.10000000149011612,250.0,0.0,0.0],"vMinMaxRange":[0.10000000149011612,15.0,0.0,0.0],"vMinMaxRed":[0.7607843279838562,0.7607843279838562,0.0,0.0],"vMinMaxRotationOffsetX":[0.0,360.0,0.0,0.0],"vMinMaxRotationOffsetY":[0.0,360.0,0.0,0.0],"vMinMaxRotationOffsetZ":[0.0,360.0,0.0,0.0],"vMinMaxSpeed":[1.0,1.0,0.0,0.0],"vMinMaxTheta":[0.0,360.0,0.0,0.0],"vMinMaxWidth":[0.10000000149011612,0.10000000149011612,0.0,0.0],"vRadian":[0.0,0.0,0.0,0.0],"vScaleLerp_Down_Pos":[1.0,1.0,0.0,0.0],"vScaleLerp_Up_Pos":[0.0,0.30000001192092896,0.0,0.0],"vStartEnd_Friction":[0.10000000149011612,0.10000000149011612,0.0,0.0]},"Transform":[[1.0,0.0,0.0,0.0],[0.0,1.0,0.0,0.0],[0.0,0.0,1.0,0.0],[50.0,0.0,50.0,1.0]]},"bBillBoard":true,"bDissolve":false,"bLoop":true,"bParentPivot":true,"bPlay":true,"bRender":true,"bReverse":false,"bUV_Wave":false,"bUseRigidBody":false,"bUseSpriteAnim":true,"eMode_Color":0,"eType_Easing":0,"eType_Effect":0,"eType_Scroll":4,"fDistortionBias":0.0,"fDistortionScale":0.0,"fLifeTime":300.0,"fRemainTime":0.0,"fRimPower":5.0,"fSequenceTerm":0.05000000074505806,"fSequenceTime":300.0,"fUV_RotDegree":0.0,"fUV_WaveSpeed":1.0,"fWaitingTime":0.0,"iCurNumInstance":200,"iRenderGroup":6,"iShaderPassIndex":1,"iTextureIndex":[0,0,0,0,17],"strModelTag":["",""],"strPartTag":"Part_Particle_000","strProtoTag":"Prototype_GameObject_Effect_Particle","strTextureTag":["Prototype_Component_Texture_Effect_Diffuse","","Prototype_Component_Texture_Effect_Mask","Prototype_Component_Texture_Effect_Noise","Prototype_Component_Texture_Effect_Sprite"],"vBloomPower":[0.4285714030265808,0.0,0.0,0.0],"vColor_Clip":[0.0,0.0,0.0,0.20000000298023224],"vColor_Mul":[1.0,1.0,1.0,1.0],"vColor_Offset":[0.0,0.0,0.0,0.0],"vDistortion1":[0.0,0.0,0.0,0.0],"vDistortion2":[0.0,0.0,0.0,0.0],"vDistortion3":[0.0,0.0,0.0,0.0],"vRimColor":[1.0,1.0,1.0,1.0],"vScales":[0.0,0.0,0.0,0.0],"vScrollSpeeds":[0.0,0.0,0.0,0.0],"vTextureSize":[512.0,512.0,0.0,0.0],"vTileSize":[64.0,64.0,0.0,0.0],"vUV_MaxTileCount":[8.0,8.0,0.0,0.0],"vUV_MinTileCount":[0.0,0.0,0.0,0.0],"vUV_Offset":[0.375,0.25,0.0,0.0],"vUV_Scale":[0.125,0.125,0.0,0.0]},{"Component":{"Com_VIBuffer":{"bDynamic_Color":false,"bKinetic":true,"bRecycle":false,"bReverse":false,"bUseGravity":true,"bUseRigidBody":false,"bUseScaleLerp":true,"byFreezeAxis":0,"eForce_Mode":1,"eType_Action":3,"eType_ColorLerp":0,"eType_Fade":1,"eType_FrictionLerp":0,"eType_ScaleLerp":0,"fAddRange":0.0,"fGravity":-9.800000190734863,"fSleepThreshold":0.05000000074505806,"iCurNumInstance":10,"vFrictionLerp_Pos":[0.0,0.0,0.0,0.0],"vMaxCenterOffsetPos":[40.0,0.0,40.0,0.0],"vMinCenterOffsetPos":[-40.0,0.0,-40.0,0.0],"vMinMaxAlpha":[1.0,1.0,0.0,0.0],"vMinMaxBlue":[0.0,0.0,0.0,0.0],"vMinMaxGreen":[0.03971317782998085,0.03921568766236305,0.0,0.0],"vMinMaxHeight":[1.0,4.0,0.0,0.0],"vMinMaxLifeTime":[0.10000000149011612,300.0,0.0,0.0],"vMinMaxMass":[10.0,10.0,0.0,0.0],"vMinMaxPosY":[-1.0,5.0,0.0,0.0],"vMinMaxPower":[0.10000000149011612,250.0,0.0,0.0],"vMinMaxRange":[0.10000000149011612,15.0,0.0,0.0],"vMinMaxRed":[0.2857142686843872,0.2862745225429535,0.0,0.0],"vMinMaxRotationOffsetX":[0.0,360.0,0.0,0.0],"vMinMaxRotationOffsetY":[0.0,360.0,0.0,0.0],"vMinMaxRotationOffsetZ":[0.0,360.0,0.0,0.0],"vMinMaxSpeed":[1.0,1.0,0.0,0.0],"vMinMaxTheta":[0.0,360.0,0.0,0.0],"vMinMaxWidth":[0.800000011920929,0.800000011920929,0.0,0.0],"vRadian":[0.0,0.0,0.0,0.0],"vScaleLerp_Down_Pos":[1.0,1.0,0.0,0.0],"vScaleLerp_Up_Pos":[0.0,0.0,0.0,0.0],"vStartEnd_Friction":[0.10000000149011612,0.10000000149011612,0.0,0.0]},"Transform":[[1.0,0.0,0.0,0.0],[0.0,1.0,0.0,0.0],[0.0,0.0,1.0,0.0],[0.0,3.0,0.0,1.0]]},"bBillBoard":true,"bDissolve":true,"bLoop":true,"bParentPivot":true,"bPlay":true,"bRender":true,"bReverse":false,"bUV_Wave":false,"bUseRigidBody":false,"bUseSpriteAnim":true,"eMode_Color":0,"eType_Easing":0,"eType_Effect":0,"eType_Scroll":4,"fDistortionBias":0.0,"fDistortionScale":0.0,"fLifeTime":5.0,"fRemainTime":0.0,"fRimPower":5.0,"fSequenceTerm":0.019999999552965164,"fSequenceTime":5.0,"fUV_RotDegree":0.0,"fUV_WaveSpeed":1.0,"fWaitingTime":0.0,"iCurNumInstance":10,"iRenderGroup":6,"iShaderPassIndex":1,"iTextureIndex":[0,0,0,0,20],"strModelTag":["",""],"strPartTag":"Part_Particle_001","strProtoTag":"Prototype_GameObject_Effect_Particle","strTextureTag":["Prototype_Component_Texture_Effect_Diffuse","","Prototype_Component_Texture_Effect_Mask","Prototype_Component_Texture_Effect_Noise","Prototype_Component_Texture_Effect_Sprite"],"vBloomPower":[0.2862745225429535,0.03921568766236305,0.0,0.0],"vColor_Clip":[0.0,0.0,0.0,0.4000000059604645],"vColor_Mul":[1.0,1.0,1.0,1.0],"vColor_Offset":[0.0,0.0,0.0,0.0],"vDistortion1":[0.0,0.0,0.0,0.0],"vDistortion2":[0.0,0.0,0.0,0.0],"vDistortion3":[0.0,0.0,0.0,0.0],"vRimColor":[1.0,1.0,1.0,1.0],"vScales":[0.0,0.0,0.0,0.0],"vScrollSpeeds":[0.0,0.0,0.0,0.0],"vTextureSize":[2048.0,2048.0,0.0,0.0],"vTileSize":[128.0,512.0,0.0,0.0],"vUV_MaxTileCount":[16.0,4.0,0.0,0.0],"vUV_MinTileCount":[0.0,0.0,0.0,0.0],"vUV_Offset":[0.875,0.75,0.0,0.0],"vUV_Scale":[0.0625,0.25,0.0,0.0]}]}
