{"Component":{"Transform":[[1.0,0.0,0.0,0.0],[0.0,1.0,0.0,0.0],[0.0,0.0,1.0,0.0],[0.0,0.0,0.0,1.0]]},"Effect":{"bFinished":false,"bLoop":true,"bParentPivot":false,"bPlay":true,"bRender":true,"bReverse":false,"eType_Dead":0,"fLifeTime":2.299999952316284,"fRemainTime":0.0,"fSequenceTime":2.299999952316284,"fWaitingTime":0.0,"iPartSize":6},"Part":[{"Component":{"Com_VIBuffer":{"bDynamic_Color":false,"bKinetic":true,"bMorph":false,"bRecycle":false,"bReverse":false,"bRotAcc":false,"bScaleRatio":true,"bUseGravity":true,"bUseRigidBody":false,"bUseScaleLerp":false,"byFreezeAxis":0,"eForce_Mode":0,"eType_Action":1,"eType_ColorLerp":0,"eType_Dir":2,"eType_Fade":0,"eType_Fade_Takes":0,"eType_Mode":1,"eType_ScaleLerp":0,"fEmissionTime":0.009999999776482582,"fGravity":-20.0,"fGravity_X":15.0,"fGravity_Z":15.0,"fMorphTimeTerm":0.05000000074505806,"fSleepThreshold":0.05000000074505806,"iAddEmitCount":30,"iCurNumInstance":80,"vEndScale":[1.100000023841858,1.0,1.100000023841858,0.0],"vMaxCenterOffsetPos":[0.0,0.0,0.0,0.0],"vMaxRadian":[0.0,90.0,0.0,0.0],"vMinCenterOffsetPos":[0.0,0.0,0.0,0.0],"vMinMaxAddRange":[1.5,1.5,0.0,0.0],"vMinMaxAlpha":[1.0,1.0,0.0,0.0],"vMinMaxBlue":[0.2592388093471527,0.25882354378700256,0.0,0.0],"vMinMaxFriction":[0.05000000074505806,0.10000000149011612,0.0,0.0],"vMinMaxGreen":[0.2592388093471527,0.25882354378700256,0.0,0.0],"vMinMaxLifeTime":[2.0,2.0,0.0,0.0],"vMinMaxMass":[10.0,10.0,0.0,0.0],"vMinMaxPosY":[-1.0,0.5,0.0,0.0],"vMinMaxPower":[100.0,300.0,0.0,0.0],"vMinMaxRadianSpeed_X":[0.0,0.0,0.0,0.0],"vMinMaxRadianSpeed_Y":[0.0,0.0,0.0,0.0],"vMinMaxRadianSpeed_Z":[0.0,0.0,0.0,0.0],"vMinMaxRange":[0.10000000149011612,0.10000000149011612,0.0,0.0],"vMinMaxRed":[0.2857142686843872,0.2862745225429535,0.0,0.0],"vMinMaxRotationOffsetX":[0.0,0.0,0.0,0.0],"vMinMaxRotationOffsetY":[0.0,360.0,0.0,0.0],"vMinMaxRotationOffsetZ":[0.0,60.0,0.0,0.0],"vMinMaxTheta":[0.0,360.0,0.0,0.0],"vMinRadian":[0.0,0.0,0.0,0.0],"vScaleLerp_Down_Pos":[1.0,1.0,0.0,0.0],"vScaleLerp_Up_Pos":[0.0,0.30000001192092896,0.0,0.0],"vStartScale":[0.699999988079071,0.699999988079071,0.699999988079071,0.0]},"Transform":[[1.0,0.0,0.0,0.0],[0.0,1.0,0.0,0.0],[0.0,0.0,1.0,0.0],[0.0,-1.0,0.0,1.0]]},"bBillBoard":false,"bDissolve":false,"bLoop":true,"bParentPivot":true,"bPlay":true,"bRender":true,"bReverse":false,"bUV_Wave":false,"bUseCustomTex":true,"bUseRigidBody":false,"bUseSpriteAnim":false,"eMode_Color":0,"eType_Easing":0,"eType_Effect":2,"eType_Scroll":4,"fDistortionBias":0.0,"fDistortionScale":0.0,"fLifeTime":1.7999999523162842,"fRemainTime":0.20000000298023224,"fRimPower":1.0,"fSequenceTime":2.0,"fUV_RotDegree":0.0,"fWaitingTime":0.30000001192092896,"iCurNumInstance":80,"iRenderGroup":7,"iShaderPassIndex":4,"iTextureIndex":[13,0,0,0,0],"strModelTag":["Prototype_Component_Model_Effect_Rock_00",""],"strPartTag":"Part_000","strProtoTag":"Prototype_GameObject_Effect_Instance","strTextureTag":["Prototype_Component_Texture_Effect_Diffuse","","Prototype_Component_Texture_Effect_Mask","Prototype_Component_Texture_Effect_Noise",""],"vBloomPower":[0.0,0.0,0.0,0.0],"vColor_Clip":[0.0,0.0,0.0,0.0],"vColor_Mul":[1.0,1.0,1.0,1.0],"vColor_Offset":[0.0,0.0,0.0,0.0],"vDistortion1":[0.0,0.0,0.0,0.0],"vDistortion2":[0.0,0.0,0.0,0.0],"vDistortion3":[0.0,0.0,0.0,0.0],"vRimColor":[0.0,0.0,0.0,1.0],"vScales":[0.0,0.0,0.0,0.0],"vScrollSpeeds":[0.0,0.0,0.0,0.0],"vUV_Offset":[0.0,0.0,0.0,0.0],"vUV_Offset_Mask":[0.0,0.0,0.0,0.0],"vUV_Scale":[1.0,1.0,0.0,0.0],"vUV_Scale_Mask":[1.0,1.0,0.0,0.0],"vUV_WaveSpeed":[1.0,1.0,0.0,0.0]},{"Component":{"Com_VIBuffer":{"bDynamic_Color":true,"bKinetic":true,"bMorph":false,"bRecycle":false,"bReverse":false,"bRotAcc":false,"bScaleRatio":false,"bUseGravity":true,"bUseRigidBody":false,"bUseScaleLerp":true,"byFreezeAxis":0,"eForce_Mode":1,"eType_Action":1,"eType_ColorLerp":1,"eType_Dir":1,"eType_Fade":0,"eType_Fade_Takes":4,"eType_Mode":1,"eType_ScaleLerp":0,"fEmissionTime":0.0,"fGravity":-9.800000190734863,"fGravity_X":0.0,"fGravity_Z":0.0,"fMorphTimeTerm":0.05000000074505806,"fSleepThreshold":0.05000000074505806,"iAddEmitCount":0,"iCurNumInstance":1,"vEndScale":[2.0,4.0,2.0,0.0],"vMaxCenterOffsetPos":[0.0,0.0,0.0,0.0],"vMaxRadian":[0.0,0.0,0.0,0.0],"vMinCenterOffsetPos":[0.0,0.0,0.0,0.0],"vMinMaxAddRange":[0.0,0.0,0.0,0.0],"vMinMaxAlpha":[1.0,1.0,0.0,0.0],"vMinMaxBlue":[0.0,0.0,0.0,0.0],"vMinMaxFriction":[0.10000000149011612,0.10000000149011612,0.0,0.0],"vMinMaxGreen":[0.0,0.0,0.0,0.0],"vMinMaxLifeTime":[2.299999952316284,2.299999952316284,0.0,0.0],"vMinMaxMass":[10.0,10.0,0.0,0.0],"vMinMaxPosY":[0.10000000149011612,3.0,0.0,0.0],"vMinMaxPower":[0.10000000149011612,250.0,0.0,0.0],"vMinMaxRadianSpeed_X":[0.0,0.0,0.0,0.0],"vMinMaxRadianSpeed_Y":[0.0,0.0,0.0,0.0],"vMinMaxRadianSpeed_Z":[0.0,0.0,0.0,0.0],"vMinMaxRange":[0.10000000149011612,0.10000000149011612,0.0,0.0],"vMinMaxRed":[1.0,0.0,0.0,0.0],"vMinMaxRotationOffsetX":[0.0,0.0,0.0,0.0],"vMinMaxRotationOffsetY":[0.0,0.0,0.0,0.0],"vMinMaxRotationOffsetZ":[0.0,0.0,0.0,0.0],"vMinMaxTheta":[0.0,360.0,0.0,0.0],"vMinRadian":[0.0,0.0,0.0,0.0],"vScaleLerp_Down_Pos":[1.0,1.0,0.0,0.0],"vScaleLerp_Up_Pos":[0.10000000149011612,0.11999999731779099,0.0,0.0],"vStartScale":[1.0,4.0,1.0,0.0]},"Transform":[[5.960396975979165e-08,0.0,-0.9999885559082031,0.0],[0.0,0.9999993443489075,0.0,0.0],[0.9999885559082031,0.0,5.960396975979165e-08,0.0],[0.0,0.0,0.0,1.0]]},"bBillBoard":false,"bDissolve":false,"bLoop":true,"bParentPivot":true,"bPlay":true,"bRender":true,"bReverse":false,"bUV_Wave":false,"bUseCustomTex":true,"bUseRigidBody":false,"bUseSpriteAnim":false,"eMode_Color":0,"eType_Easing":0,"eType_Effect":2,"eType_Scroll":1,"fDistortionBias":1.0,"fDistortionScale":1.0,"fLifeTime":2.200000047683716,"fRemainTime":0.0,"fRimPower":0.0,"fSequenceTime":2.200000047683716,"fUV_RotDegree":0.0,"fWaitingTime":0.10000000149011612,"iCurNumInstance":1,"iRenderGroup":7,"iShaderPassIndex":3,"iTextureIndex":[1,0,66,0,0],"strModelTag":["Prototype_Component_Model_Effect_VFX_Cylinder",""],"strPartTag":"Part_001","strProtoTag":"Prototype_GameObject_Effect_Instance","strTextureTag":["Prototype_Component_Texture_Effect_Diffuse","","Prototype_Component_Texture_Effect_Mask","Prototype_Component_Texture_Effect_Noise",""],"vBloomPower":[0.0,0.0,0.0,0.0],"vColor_Clip":[0.0,0.0,0.0,0.0],"vColor_Mul":[1.0,1.0,1.0,1.0],"vColor_Offset":[0.0,0.0,0.0,0.0],"vDistortion1":[0.10000000149011612,0.10000000149011612,0.0,0.0],"vDistortion2":[0.0,0.0,0.0,0.0],"vDistortion3":[0.0,0.10000000149011612,0.0,0.0],"vRimColor":[0.0,0.0,0.0,1.0],"vScales":[1.0,1.0,1.0,0.0],"vScrollSpeeds":[-1.0,-1.0,-1.0,0.0],"vUV_Offset":[0.0,0.0,0.0,0.0],"vUV_Offset_Mask":[0.0,0.0,0.0,0.0],"vUV_Scale":[1.0,0.800000011920929,0.0,0.0],"vUV_Scale_Mask":[1.0,1.0,0.0,0.0],"vUV_WaveSpeed":[1.0,2.5,0.0,0.0]},{"Component":{"Com_VIBuffer":{"bDynamic_Color":false,"bKinetic":true,"bMorph":false,"bRecycle":false,"bReverse":false,"bRotAcc":false,"bScaleRatio":true,"bUseGravity":true,"bUseRigidBody":true,"bUseScaleLerp":false,"byFreezeAxis":0,"eForce_Mode":0,"eType_Action":0,"eType_ColorLerp":0,"eType_Dir":2,"eType_Fade":0,"eType_Fade_Takes":0,"eType_Mode":1,"eType_ScaleLerp":0,"fEmissionTime":0.009999999776482582,"fGravity":-35.0,"fGravity_X":35.0,"fGravity_Z":35.0,"fMorphTimeTerm":0.05000000074505806,"fSleepThreshold":0.05000000074505806,"iAddEmitCount":100,"iCurNumInstance":300,"vEndScale":[1.0,1.0,1.0,0.0],"vMaxCenterOffsetPos":[0.0,0.0,0.0,0.0],"vMaxRadian":[0.0,0.0,0.0,0.0],"vMinCenterOffsetPos":[0.0,0.0,0.0,0.0],"vMinMaxAddRange":[0.0,0.0,0.0,0.0],"vMinMaxAlpha":[1.0,1.0,0.0,0.0],"vMinMaxBlue":[0.25882354378700256,0.25882354378700256,0.0,0.0],"vMinMaxFriction":[0.10000000149011612,0.10000000149011612,0.0,0.0],"vMinMaxGreen":[0.25882354378700256,0.25882354378700256,0.0,0.0],"vMinMaxLifeTime":[2.0,2.0,0.0,0.0],"vMinMaxMass":[5.0,5.0,0.0,0.0],"vMinMaxPosY":[-2.0,0.5,0.0,0.0],"vMinMaxPower":[50.0,250.0,0.0,0.0],"vMinMaxRadianSpeed_X":[0.0,0.0,0.0,0.0],"vMinMaxRadianSpeed_Y":[0.0,0.0,0.0,0.0],