{"FrameRounding":11.0,"GrabRounding":11.0,"PopupRounding":11.0,"TabRounding":5.0,"WindowRounding":11.0,"vBgColor.w":0.7058823704719543,"vBgColor.x":0.047058820724487305,"vBgColor.y":0.09260352700948715,"vBgColor.z":0.1725490242242813}
