{"FrameRounding":8.0,"GrabRounding":8.0,"PopupRounding":8.0,"TabRounding":8.0,"WindowRounding":8.0,"vBgColor.w":0.929411768913269,"vBgColor.x":0.10588235408067703,"vBgColor.y":0.09019608050584793,"vBgColor.z":0.23137255012989044}
