{"FrameRounding":3.5,"GrabRounding":20.0,"PopupRounding":14.5,"TabRounding":5.5,"WindowRounding":14.5,"vBgColor.w":0.7058823704719543,"vBgColor.x":0.07058823853731155,"vBgColor.y":0.0470588244497776,"vBgColor.z":0.1725490242242813}
