{"FrameRounding":3.5,"GrabRounding":20.0,"PopupRounding":14.5,"TabRounding":5.5,"WindowRounding":14.5,"vBgColor.w":0.8196078538894653,"vBgColor.x":0.12581653892993927,"vBgColor.y":0.10628942400217056,"vBgColor.z":0.23938226699829102}
