{"FrameRounding":3.5,"GrabRounding":20.0,"PopupRounding":14.5,"TabRounding":5.5,"WindowRounding":14.5,"vBgColor.w":0.05882352963089943,"vBgColor.x":0.09803921729326248,"vBgColor.y":0.0470588244497776,"vBgColor.z":0.1725490242242813}
