{"0":{"Alpha":0.0,"AlphaTrue":0.0,"CloneTag":"Prototype_GameObject_UI_WeaponFrame","ColorA":0.0,"ColorB":0.0,"ColorG":0.0,"ColorMode":10,"ColorR":0.0,"FilePath":"../Bin/Resources/Textures/UI/Image/Option/Agents_NPCs/Biddle_epx_01_copy.png","Group":false,"LayerTag":"Layer_UI_Player","Level":0,"MapTextureTag":"","MaxLevel":0,"ObjectName":"WeaponFrame10","ObjectNum":10,"Parent":false,"ProtoTag":"Biddle_epx_01_copy","RenderGroup":13,"ShaderNum":0,"Transform":[[0.08570373058319092,-0.0514959841966629,-0.0017452409956604242,0.0],[0.03966457024216652,0.06809914857149124,-0.061556730419397354,0.0],[0.03288773447275162,0.052064165472984314,0.07878915965557098,0.0],[-0.20000000298023224,0.10000000149011612,0.6000000238418579,1.0]],"UIName":"Revolver_Skill1","UINum":0,"World":true},"1":{"Alpha":0.0,"AlphaTrue":0.0,"CloneTag":"Prototype_GameObject_UI_WeaponFrame","ColorA":0.0,"ColorB":0.0,"ColorG":0.0,"ColorMode":10,"ColorR":0.0,"FilePath":"../Bin/Resources/Textures/UI/Image/Option/Agents_NPCs/Biddle_epx_01_copy.png","Group":false,"LayerTag":"Layer_UI_Player","Level":0,"MapTextureTag":"","MaxLevel":0,"ObjectName":"WeaponFrame11","ObjectNum":11,"Parent":false,"ProtoTag":"Biddle_epx_01_copy","RenderGroup":13,"ShaderNum":0,"Transform":[[-0.0017451407620683312,-3.1760269969538513e-09,0.09997918456792831,0.0],[0.07312403619289398,0.06820015609264374,0.0012763852719217539,0.0],[-0.06818964332342148,0.07313504070043564,-0.001190250855870545,0.0],[-0.3499999940395355,0.20000000298023224,0.5,1.0]],"UIName":"Rifle_Skill1","UINum":0,"World":true},"2":{"Alpha":0.0,"AlphaTrue":0.0,"CloneTag":"Prototype_GameObject_UI_WeaponFrame","ColorA":0.0,"ColorB":0.0,"ColorG":0.0,"ColorMode":10,"ColorR":0.0,"FilePath":"../Bin/Resources/Textures/UI/Image/Option/Agents_NPCs/Biddle_epx_01_copy.png","Group":false,"LayerTag":"Layer_UI_Player","Level":0,"MapTextureTag":"","MaxLevel":0,"ObjectName":"WeaponFrame13","ObjectNum":13,"Parent":false,"ProtoTag":"Inventory_Background","RenderGroup":13,"ShaderNum":0,"Transform":[[0.05318109691143036,0.0214865542948246,0.08191517740488052,0.0],[-0.029316268861293793,0.0954173132777214,-0.00599544495344162,0.0],[-0.07944972813129425,-0.020826095715165138,0.05704320967197418,0.0],[-0.44999998807907104,0.019999999552965164,0.699999988079071,1.0]],"UIName":"Shotgun","UINum":0,"World":true},"3":{"Alpha":0.0,"AlphaTrue":0.0,"CloneTag":"Prototype_GameObject_UI_WeaponFrame","ColorA":0.0,"ColorB":0.0,"ColorG":0.0,"ColorMode":10,"ColorR":0.0,"FilePath":"../Bin/Resources/Textures/UI/Image/Option/Agents_NPCs/Biddle_epx_01_copy.png","Group":false,"LayerTag":"Layer_UI_Player","Level":0,"MapTextureTag":"","MaxLevel":0,"ObjectName":"WeaponFrame7","ObjectNum":7,"Parent":false,"ProtoTag":"Inventory_Background","RenderGroup":13,"ShaderNum":0,"Transform":[[0.11547017842531204,0.030940141528844833,0.010456420481204987,0.0],[-0.02884032391011715,0.0785718709230423,0.08599241077899933,0.0],[0.01277107559144497,-0.07104941457509995,0.06920153647661209,0.0],[-0.25,-0.07999999821186066,0.6499999761581421,1.0]],"UIName":"Rifle","UINum":0,"World":true},"4":{"Alpha":0.0,"AlphaTrue":0.0,"CloneTag":"Prototype_GameObject_UI_WeaponFrame","ColorA":0.0,"ColorB":0.0,"ColorG":0.0,"ColorMode":10,"ColorR":0.0,"FilePath":"../Bin/Resources/Textures/UI/Image/Option/Agents_NPCs/Biddle_epx_01_copy.png","Group":false,"LayerTag":"Layer_UI_Player","Level":0,"MapTextureTag":"","MaxLevel":0,"ObjectName":"WeaponFrame8","ObjectNum":8,"Parent":false,"ProtoTag":"Inventory_Background","RenderGroup":13,"ShaderNum":0,"Transform":[[0.047676101326942444,-0.02223173901438713,0.10785519331693649,0.0],[-0.07865145802497864,0.07538752257823944,0.05030624940991402,0.0],[-0.06423148512840271,-0.07556512206792831,0.012816840782761574,0.0],[-0.3499999940395355,-0.15000000596046448,0.5299999713897705,1.0]],"UIName":"Revolver","UINum":0,"World":true},"5":{"Alpha":0.0,"AlphaTrue":0.0,"CloneTag":"Prototype_GameObject_UI_WeaponFrame","ColorA":0.0,"ColorB":0.0,"ColorG":0.0,"ColorMode":10,"ColorR":0.0,"FilePath":"../Bin/Resources/Textures/UI/Image/Option/Agents_NPCs/Biddle_epx_01_copy.png","Group":false,"LayerTag":"Layer_UI_Player","Level":0,"MapTextureTag":"","MaxLevel":0,"ObjectName":"WeaponFrame9","ObjectNum":9,"Parent":false,"ProtoTag":"Biddle_epx_01_copy","RenderGroup":13,"ShaderNum":0,"Transform":[[0.07882599532604218,-0.018198346719145775,0.05877687409520149,0.0],[-0.007025671191513538,0.09223970770835876,0.03798118978738785,0.0],[-0.06113038212060928,-0.03407009318470955,0.07143360376358032,0.0],[-0.25,0.25,0.6000000238418579,1.0]],"UIName":"Shotgun_Skill1","UINum":0,"World":true}}
