{"Component":{"Com_VIBuffer":{"iLerpPointNum":12,"iMaxCnt":32,"vPos_0":[0.0,0.0,-0.5,0.0],"vPos_1":[0.0,0.5,0.0,0.0]},"Transform":[[1.0,0.0,0.0,0.0],[0.0,1.0,0.0,0.0],[0.0,0.0,1.0,0.0],[0.0,0.0,0.0,1.0]]},"Trail":{"bParentPivot":false,"bUV_Wave":false,"bUseSpriteAnim":false,"eType_Easing":0,"eType_Effect":3,"eType_Scroll":0,"fDistortionBias":1.0,"fDistortionScale":1.0,"fRimPower":5.0,"fUV_RotDegree":0.0,"iRenderGroup":6,"iShaderPassIndex":2,"iTextureIndex":[1,0,53,0,0],"strPartTag":"Effect_Trail","strProtoTag":"Prototype_GameObject_Effect_Trail","strTextureTag":["Prototype_Component_Texture_Effect_Diffuse","","Prototype_Component_Texture_Effect_Mask","Prototype_Component_Texture_Effect_Noise",""],"vBloomPower":[0.8823529481887817,0.23137255012989044,0.03529411926865578,0.0],"vColor_Clip":[0.0,0.0,0.0,0.05000000074505806],"vColor_Mul":[0.9459459185600281,0.6392372846603394,0.3981008231639862,1.0],"vColor_Offset":[0.0,0.0,0.0,0.0],"vDistortion1":[0.10000000149011612,0.10000000149011612,0.0,0.0],"vDistortion2":[0.0,0.0,0.0,0.0],"vDistortion3":[0.0,0.10000000149011612,0.0,0.0],"vRimColor":[0.8823529481887817,0.23137255012989044,0.03529411926865578,1.0],"vScales":[1.0,1.0,1.0,0.0],"vScrollSpeeds":[1.0,1.0,1.0,0.0],"vUV_Offset":[0.0,0.0,0.0,0.0],"vUV_Offset_Mask":[0.0,0.0,0.0,0.0],"vUV_Scale":[1.0,1.0,0.0,0.0],"vUV_Scale_Mask":[1.0,1.0,0.0,0.0],"vUV_WaveSpeed":[1.0,1.0,0.0,0.0]},"eMode_Color":0}
