{
  
  "Component": {
    "Com_VIBuffer": {
      "iLerpPointNum": 12,
      "iMaxCnt": 32,
      "vPos_0": [ 0.0, 0.0, 0.10000000149011612, 0.0 ],
      "vPos_1": [ -1.2999999523162842, 0.0, 0.10000000149011612, 0.0 ]
    },
    "Transform": [
      [ 1.0, 0.0, 0.0, 0.0 ],
      [ 0.0, 1.0, 0.0, 0.0 ],
      [ 0.0, 0.0, 1.0, 0.0 ],
      [ 0.0, 0.0, 0.0, 1.0 ]
    ]
  },
  "Trail": {
    "bParentPivot": false,
    "bUV_Wave": false,
    "bUseSpriteAnim": false,
    "eType_Easing": 0,
    "eType_Effect": 3,
    "eType_Scroll": 1,
    "fDistortionBias": 1.0,
    "fDistortionScale": 1.0,
    "fRimPower": 0.0,
    "fUV_RotDegree": 0.0,
    "iRenderGroup": 6,
    "iShaderPassIndex": 2,
    "iTextureIndex": [ 1, 0, 126, 1, 0 ],
    "strPartTag": "Effect_Trail",
    "strProtoTag": "Prototype_GameObject_Effect_Trail",
    "strTextureTag": [ "Prototype_Component_Texture_Effect_Diffuse", "", "Prototype_Component_Texture_Effect_Mask", "Prototype_Component_Texture_Effect_Noise", "" ],
    "vBloomPower": [ 0.14065083861351013, 0.6815321445465088, 0.9845559597015381, 0.0 ],
    "vColor_Clip": [ 0.0, 0.0, 0.0, 0.0 ],
    "vColor_Mul": [ 0.0035628625191748142, 0.3158835768699646, 0.92277991771698, 1.0 ],
    "vColor_Offset": [ 0.0, 0.0, 0.0, 0.0 ],
    "vDistortion1": [ 0.10000000149011612, 0.10000000149011612, 0.0, 0.0 ],
    "vDistortion2": [ 0.0, 0.0, 0.0, 0.0 ],
    "vDistortion3": [ 0.0, 0.10000000149011612, 0.0, 0.0 ],
    "vRimColor": [ 1.0, 1.0, 1.0, 1.0 ],
    "vScales": [ 1.0, 1.0, 1.0, 0.0 ],
    "vScrollSpeeds": [ 1.0, 1.0, 1.0, 0.0 ],
    "vUV_Offset": [ 0.0, 0.0, 0.0, 0.0 ],
    "vUV_Offset_Mask": [ 0.0, 0.0, 0.0, 0.0 ],
    "vUV_Scale": [ 0.5, 0.5, 0.0, 0.0 ],
    "vUV_Scale_Mask": [ 1.0, 1.0, 0.0, 0.0 ],
    "vUV_WaveSpeed": [ 1.0, 1.0, 0.0, 0.0 ]
  },
  "eMode_Color": 8
}
