{"Component":{"Transform":[[1.0,0.0,0.0,0.0],[0.0,1.0,0.0,0.0],[0.0,0.0,1.0,0.0],[0.0,0.0,0.0,1.0]]},"Effect":{"bActive_Tool":true,"bFinished":true,"bLoop":false,"bPlay":true,"bRender":true,"bReverse":false,"eType_Easing":0,"fLifeTime":2.5,"fLifeTimeRatio":1.0,"fRemainAcc":2.3899741172790527,"fRemainTime":0.0,"fSequenceAcc":4.877725601196289,"fSequenceTime":2.5,"fTimeAcc":4.877725601196289,"fWaitingAcc":0.0,"fWaitingTime":0.0,"iPartSize":1,"matOffset":[[1.0,0.0,0.0,0.0],[0.0,1.0,0.0,0.0],[0.0,0.0,1.0,0.0],[0.0,0.0,0.0,1.0]],"matPivot":[[1.0,0.0,0.0,0.0],[0.0,1.0,0.0,0.0],[0.0,0.0,1.0,0.0],[0.0,0.0,0.0,1.0]],"strOwnerTag":"\u0000"},"Part":[{"Component":{"Com_VIBuffer":{"bDynamic_Color":true,"bKinetic":true,"bUseGravity":true,"bUseRigidBody":true,"byFreezeAxis":0,"eForce_Mode":3,"eType_ColorLerp":0,"eType_Fade":1,"eType_ScaleLerp":0,"fFriction":0.10000000149011612,"fGravity":-0.10000000149011612,"fSleepThreshold":0.05000000074505806,"iCurNumInstance":250,"vLerpScale_Pos":[0.0,0.6000000238418579,0.0,0.0],"vMinMaxAlpha":[1.0,1.0,0.0,0.0],"vMinMaxBlue":[0.4470588266849518,0.4470588266849518,0.0,0.0],"vMinMaxCenterX":[0.0,0.0,0.0,0.0],"vMinMaxCenterY":[0.0,0.0,0.0,0.0],"vMinMaxCenterZ":[0.0,0.0,0.0,0.0],"vMinMaxGreen":[0.6980392336845398,0.6980392336845398,0.0,0.0],"vMinMaxHeight":[0.10000000149011612,0.10000000149011612,0.0,0.0],"vMinMaxLifeTime":[0.5,1.0,0.0,0.0],"vMinMaxMass":[10.0,10.0,0.0,0.0],"vMinMaxPower":[10.0,10.0,0.0,0.0],"vMinMaxRange":[0.10000000149011612,0.6000000238418579,0.0,0.0],"vMinMaxRed":[0.9764705896377563,0.9764705896377563,0.0,0.0],"vMinMaxRotationOffsetX":[0.0,6.2831854820251465,0.0,0.0],"vMinMaxRotationOffsetY":[0.0,1.5707963705062866,0.0,0.0],"vMinMaxRotationOffsetZ":[0.0,6.2831854820251465,0.0,0.0],"vMinMaxSpeed":[0.5,1.0,0.0,0.0],"vMinMaxWidth":[0.10000000149011612,0.10000000149011612,0.0,0.0],"vScaleSpeed":[0.004999999888241291,0.05000000074505806,0.0,0.0]},"Transform":[[1.0,0.0,0.0,0.0],[0.0,1.0,0.0,0.0],[0.0,0.0,1.0,0.0],[0.0,0.0,0.0,1.0]]},"bActive_Tool":true,"bBillBoard":false,"bDissolve":false,"bLoop":true,"bParentPivot":true,"bPlay":true,"bRender":true,"bReverse":false,"bUV_Wave":false,"bUseRigidBody":true,"bUseSpriteAnim":false,"eType_Easing":0,"eType_Effect":0,"fLifeTime":2.5,"fRemainTime":0.0,"fSequenceTerm":0.05000000074505806,"fSequenceTime":2.5,"fUV_RotDegree":0.0,"fUV_WaveSpeed":1.0,"fWaitingTime":0.0,"iCurNumInstance":250,"iRenderGroup":5,"iShaderPassIndex":0,"iTextureIndex":[0,0,5,0,0],"matOffset":[[1.0,0.0,0.0,0.0],[0.0,1.0,0.0,0.0],[0.0,0.0,1.0,0.0],[0.0,0.0,0.0,1.0]],"matPivot":[[1.0,0.0,0.0,0.0],[0.0,1.0,0.0,0.0],[0.0,0.0,1.0,0.0],[0.0,0.0,0.0,1.0]],"strModelTag":"","strPartTag":"Part_Particle_000","strProtoTag":"Prototype_GameObject_Effect_Particle","strTextureTag":["Prototype_Component_Texture_Effect_Diffuse","","Prototype_Component_Texture_Effect_Mask","Prototype_Component_Texture_Effect_Noise","Prototype_Component_Texture_Effect_Sprite"],"vColor_Clip":[0.0,0.0,0.0,0.20000000298023224],"vColor_Mul":[1.0,1.0,1.0,1.0],"vColor_Offset":[0.0,0.0,0.0,0.0],"vTextureSize":[1792.0,1792.0,0.0,0.0],"vTileSize":[256.0,256.0,0.0,0.0],"vUV_MaxTileCount":[7.0,7.0,0.0,0.0],"vUV_MinTileCount":[0.0,0.0,0.0,0.0],"vUV_Offset":[0.1428571492433548,0.4285714328289032,0.0,0.0],"vUV_Scale":[0.1428571492433548,0.1428571492433548,0.0,0.0]}]}
