{"0":{"Alpha":0.0,"AlphaTrue":0.0,"CloneTag":"Prototype_GameObject_UI_Distortion","ColorA":0.23529411852359772,"ColorB":0.21960784494876862,"ColorG":0.21960784494876862,"ColorMode":3,"ColorR":0.21960784494876862,"Distortion":{"Distortion1X":0.5,"Distortion1Y":0.5,"Distortion2X":0.0,"Distortion2Y":0.0,"Distortion3X":0.0,"Distortion3Y":0.0,"DistortionBias":0.20000000298023224,"DistortionScale":0.5,"DistortionUI":true,"MaskNum":74,"NoiseNum":32,"ScalesX":0.5,"ScalesY":0.0,"ScalesZ":0.0,"ScrollSpeedsX":0.10000000149011612,"ScrollSpeedsY":0.0,"ScrollSpeedsZ":0.0,"TimeAcc":0.20000000298023224},"FilePath":"../Bin/Resources/Textures/UI/Image/Option/Agents_NPCs/Biddle_epx_01_copy.png","Group":false,"LayerTag":"Layer_UI_Player","Level":0,"MapTextureTag":"","MaxLevel":0,"ObjectName":"Distortion0","ObjectNum":0,"Parent":false,"ProtoTag":"Inventory_Background","RenderGroup":10,"ShaderNum":0,"Transform":[[1204.201416015625,-1204.201416015625,0.0,0.0],[1202.7872314453125,1202.7872314453125,0.0,0.0],[0.0,0.0,0.10000000149011612,0.0],[-79.0,35.0,0.5,1.0]],"UIName":"","UINum":0,"World":false}}
