{"Component":{"Transform":[[1.0,0.0,0.0,0.0],[0.0,1.0,0.0,0.0],[0.0,0.0,1.0,0.0],[0.0,0.0,0.0,1.0]]},"Effect":{"bFinished":false,"bLoop":false,"bParentPivot":true,"bPlay":true,"bRender":true,"bReverse":false,"eType_Dead":0,"fLifeTime":1.5,"fRemainTime":0.0,"fSequenceTime":1.5,"fWaitingTime":0.0,"iPartSize":4},"Part":[{"Component":{"Com_VIBuffer":{"bDynamic_Color":false,"bKinetic":true,"bMorph":false,"bRecycle":false,"bReverse":false,"bRotAcc":false,"bScaleRatio":true,"bUseGravity":false,"bUseRigidBody":true,"bUseScaleLerp":false,"byFreezeAxis":0,"eForce_Mode":1,"eType_Action":0,"eType_ColorLerp":0,"eType_Dir":2,"eType_Fade":0,"eType_Fade_Takes":0,"eType_Mode":1,"eType_ScaleLerp":0,"fEmissionTime":0.009999999776482582,"fGravity":-20.0,"fMorphTimeTerm":0.05000000074505806,"fSleepThreshold":0.0010000000474974513,"iAddEmitCount":100,"iCurNumInstance":300,"vEndScale":[0.6000000238418579,0.6000000238418579,0.6000000238418579,0.0],"vMaxCenterOffsetPos":[0.0,0.0,0.0,0.0],"vMinCenterOffsetPos":[0.0,0.0,0.0,0.0],"vMinMaxAddRange":[0.0,0.0,0.0,0.0],"vMinMaxAlpha":[1.0,1.0,0.0,0.0],"vMinMaxBlue":[0.2592388391494751,0.4076862633228302,0.0,0.0],"vMinMaxFriction":[0.10000000149011612,0.10000000149011612,0.0,0.0],"vMinMaxGreen":[0.2592388391494751,0.4076862633228302,0.0,0.0],"vMinMaxLifeTime":[1.5,1.5,0.0,0.0],"vMinMaxMass":[5.0,7.0,0.0,0.0],"vMinMaxPosY":[-1.0,0.0,0.0,0.0],"vMinMaxPower":[100.0,400.0,0.0,0.0],"vMinMaxRadianSpeed_X":[0.0,0.0,0.0,0.0],"vMinMaxRadianSpeed_Y":[0.0,0.0,0.0,0.0],"vMinMaxRadianSpeed_Z":[0.0,0.0,0.0,0.0],"vMinMaxRange":[20.0,20.0,0.0,0.0],"vMinMaxRed":[0.3629343509674072,0.49806952476501465,0.0,0.0],"vMinMaxRotationOffsetX":[0.0,0.0,0.0,0.0],"vMinMaxRotationOffsetY":[0.0,360.0,0.0,0.0],"vMinMaxRotationOffsetZ":[0.0,50.0,0.0,0.0],"vMinMaxTheta":[0.0,360.0,0.0,0.0],"vRadian":[0.0,0.0,0.0,0.0],"vScaleLerp_Down_Pos":[1.0,1.0,0.0,0.0],"vScaleLerp_Up_Pos":[0.0,0.30000001192092896,0.0,0.0],"vStartScale":[0.3499999940395355,0.3499999940395355,0.3499999940395355,0.0]},"Transform":[[1.0,0.0,0.0,0.0],[0.0,1.0,0.0,0.0],[0.0,0.0,1.0,0.0],[0.0,0.0,0.0,1.0]]},"bBillBoard":false,"bDissolve":true,"bLoop":true,"bParentPivot":true,"bPlay":true,"bRender":true,"bReverse":false,"bUV_Wave":false,"bUseCustomTex":true,"bUseRigidBody":true,"bUseSpriteAnim":false,"eMode_Color":0,"eType_Easing":0,"eType_Effect":2,"eType_Scroll":4,"fDistortionBias":0.0,"fDistortionScale":0.0,"fLifeTime":0.10000000149011612,"fRemainTime":1.7000000476837158,"fRimPower":1.0,"fSequenceTime":1.8000000715255737,"fUV_RotDegree":0.0,"fWaitingTime":0.20000000298023224,"iCurNumInstance":300,"iRenderGroup":6,"iShaderPassIndex":4,"iTextureIndex":[16,2,0,0,0],"strModelTag":["Prototype_Component_Model_Effect_Rock_00",""],"strPartTag":"Part_000","strProtoTag":"Prototype_GameObject_Effect_Instance","strTextureTag":["Prototype_Component_Texture_Effect_Diffuse","Prototype_Component_Texture_Effect_Normal","Prototype_Component_Texture_Effect_Mask","Prototype_Component_Texture_Effect_Noise",""],"vBloomPower":[0.0,0.0,0.0,0.0],"vColor_Clip":[0.0,0.0,0.0,0.0],"vColor_Mul":[1.0,1.0,1.0,1.0],"vColor_Offset":[0.0,0.0,0.0,0.0],"vDistortion1":[0.0,0.0,0.0,0.0],"vDistortion2":[0.0,0.0,0.0,0.0],"vDistortion3":[0.0,0.0,0.0,0.0],"vRimColor":[0.0,0.006678531412035227,0.061776041984558105,1.0],"vScales":[0.0,0.0,0.0,0.0],"vScrollSpeeds":[0.0,0.0,0.0,0.0],"vUV_Offset":[0.0,0.0,0.0,0.0],"vUV_Offset_Mask":[0.0,0.0,0.0,0.0],"vUV_Scale":[1.0,1.0,0.0,0.0],"vUV_Scale_Mask":[1.0,1.0,0.0,0.0],"vUV_WaveSpeed":[1.0,1.0,0.0,0.0]},{"Component":{"Com_VIBuffer":{"bDynamic_Color":true,"bKinetic":true,"bRecycle":false,"bReverse":false,"bRotAcc":false,"bScaleRatio":true,"bUseGravity":false,"bUseRigidBody":true,"bUseScaleLerp":true,"byFreezeAxis":0,"eForce_Mode":1,"eType_Action":0,"eType_ColorLerp":0,"eType_Dir":1,"eType_Fade":1,"eType_Fade_Takes":4,"eType_FrictionLerp":0,"eType_ScaleLerp":14,"fEmissionTime":0.05000000074505806,"fGravity":-9.800000190734863,"fSleepThreshold":0.05000000074505806,"iAddEmitCount":400,"iCurNumInstance":800,"vFrictionLerp_Pos":[0.0,0.0,0.0,0.0],"vMaxCenterOffsetPos":[0.0,0.0,0.0,0.0],"vMinCenterOffsetPos":[0.0,0.0,0.0,0.0],"vMinMaxAddRange":[0.0,0.0,0.0,0.0],"vMinMaxAlpha":[1.0,1.0,0.0,0.0],"vMinMaxBlue":[1.0,1.0,0.0,0.0],"vMinMaxGreen":[0.26132601499557495,1.0,0.0,0.0],"vMinMaxHeight":[0.30000001192092896,0.30000001192092896,0.0,0.0],"vMinMaxLifeTime":[0.10000000149011612,1.5,0.0,0.0],"vMinMaxMass":[10.0,10.0,0.0,0.0],"vMinMaxPosY":[0.10000000149011612,3.0,0.0,0.0],"vMinMaxPower":[200.0,400.0,0.0,0.0],"vMinMaxRadianSpeed_X":[0.0,0.0,0.0,0.0],"vMinMaxRadianSpeed_Y":[0.0,0.0,0.0,0.0],"vMinMaxRadianSpeed_Z":[0.0,0.0,0.0,0.0],"vMinMaxRange":[2.0,4.0,0.0,0.0],"vMinMaxRed":[0.23166024684906006,1.0,0.0,0.0],"vMinMaxRotationOffsetX":[0.0,0.0,0.0,0.0],"vMinMaxRotationOffsetY":[0.0,360.0,0.0,0.0],"vMinMaxRotationOffsetZ":[0.0,20.0,0.0,0.0],"vMinMaxSpeed":[1.0,1.0,0.0,0.0],"vMinMaxTheta":[0.0,360.0,0.0,0.0],"vMinMaxTornadoSpeed":[1.0,1.0,0.0,0.0],"vMinMaxWidth":[0.05000000074505806,0.05000000074505806,0.0,0.0],"vRadian":[0.0,0.0,0.0,0.0],"vScaleLerp_Down_Pos":[0.6000000238418579,1.0,0.0,0.0],"vScaleLerp_Up_Pos":[0.0,0.30000001192092896,0.0,0.0],"vStartEnd_Friction":[0.10000000149011612,0.10000000149011612,0.0,0.0]},"Transform":[[1.0,0.0,0.0,0.0],[0.0,1.0,0.0,0.0],[0.0,0.0,1.0,0.0],[0.0,0.0,0.0,1.0]]},"bBillBoard":false,"bDissolve":false,"bLoop":true,"bParentPivot":true,"bPlay":true,"bRender":true,"bReverse":false,"bUV_Wave":false,"bUseRigidBody":true,"bUseSpriteAnim":false,"eMode_Color":1,"eType_Easing":0,"eType_Effect":0,"eType_Scroll":4,"fDistortionBias":0.0,"fDistortionScale":0.0,"fLifeTime":1.7999999523162842,"fRemainTime":0.0,"fRimPower":5.0,"fSequenceTerm":0.05000000074505806,"fSequenceTime":1.7999999523162842,"fUV_RotDegree":0.0,"fWaitingTime":0.20000000298023224,"iCurNumInstance":800,"iRenderGroup":6,"iShaderPassIndex":0,"iTextureIndex":[0,0,6,0,0],"strModelTag":["",""],"strPartTag":"Part_001","strProtoTag":"Prototype_GameObject_Effect_Particle","strTextureTag":["Prototype_Component_Texture_Effect_Diffuse","","Prototype_Component_Texture_Effect_Mask","Prototype_Component_Texture_Effect_Noise",""],"vBloomPower":[0.3410354256629944,0.33590734004974365,1.0,0.0],"vColor_Clip":[0.0,0.0,0.0,0.20000000298023224],"vColor_Mul":[1.0,1.0,1.0,1.0],"vColor_Offset":[0.0,0.0,0.0,0.0],"vDistortion1":[0.0,0.0,0.0,0.0],"vDistortion2":[0.0,0.0,0.0,0.0],"vDistortion3":[0.0,0.0,0.0,0.0],"vRimColor":[1.0,1.0,1.0,1.0],"vScales":[0.0,0.0,0.0,0.0],"vScrollSpeeds":[0.0,0.0,0.0,0.0],"vTextureSize":[1792.0,1792.0,0.0,0.0],"vTileSize":[256.0,256.0,0.0,0.0],"vUV_MaxTileCount":[7.0,7.0,0.0,0.0],"vUV_MinTileCount":[0.0,0.0,0.0,0.0],"vUV_Offset":[0.0,0.0,0.0,0.0],"vUV_Offset_Mask":[0.0,0.0,0.0,0.0],"vUV_Scale":[1.0,1.0,0.0,0.0],"vUV_Scale_Mask":[1.0,1.0,0.0,0.0],"vUV_WaveSpeed":[1.0,1.0,0.0,0.0]},{"Component":{"Com_VIBuffer":{"bDynamic_Color":true,"bKinetic":true,"bRecycle":false,"bReverse":false,"bRotAcc":false,"bScaleRatio":true,"bUseGravity":false,"bUseRigidBody":true,"bUseScaleLerp":true,"byFreezeAxis":0,"eForce_Mode":1,"eType_Action":0,"eType_ColorLerp":0,"eType_Dir":1,"eType_Fade":1,"eType_Fade_Takes":4,"eType_FrictionLerp":0,"eType_ScaleLerp":17,"fEmissionTime":0.10000000149011612,"fGravity":-9.800000190734863,"fSleepThreshold":0.05000000074505806,"iAddEmitCount":200,"iCurNumInstance":200,"vFrictionLerp_Pos":[0.0,0.0,0.0,0.0],"vMaxCenterOffsetPos":[0.0,0.0,0.0,0.0],"vMinCenterOffsetPos":[0.0,0.0,0.0,0.0],"vMinMaxAddRange":[0.0,0.0,0.0,0.0],"vMinMaxAlpha":[1.0,1.0,0.0,0.0],"vMinMaxBlue":[0.6640926599502563,0.4517374634742737,0.0,0.0],"vMinMaxGreen":[0.2220441699028015,0.03837163746356964,0.0,0.0],"vMinMaxHeight":[0.20000000298023224,0.20000000298023224,0.0,0.0],"vMinMaxLifeTime":[0.10000000149011612,1.5,0.0,0.0],"vMinMaxMass":[10.0,10.0,0.0,0.0],"vMinMaxPosY":[0.10000000149011612,3.0,0.0,0.0],"vMinMaxPower":[130.0,150.0,0.0,0.0],"vMinMaxRadianSpeed_X":[0.0,0.0,0.0,0.0],"vMinMaxRadianSpeed_Y":[0.0,0.0,0.0,0.0],