{
  
  "Component": {
    "Transform": [
      [ 1.5, 0.0, 0.0, 0.0 ],
      [ 0.0, 0.5, 0.0, 0.0 ],
      [ 0.0, 0.0, 1.5, 0.0 ],
      [ 0.0, 1.0, 0.0, 1.0 ]
    ]
  },
  "Effect": {
    "bFinished": false,
    "bLoop": false,
    "bParentPivot": true,
    "bPlay": true,
    "bRender": true,
    "bReverse": false,
    "eType_Dead": 0,
    "fLifeTime": 1.5,
    "fRemainTime": 0.0,
    "fSequenceTime": 1.5,
    "fWaitingTime": 0.0,
    "iPartSize": 1
  },
  "Part": [
    {
      "Component": {
        "Com_VIBuffer": {
          "bDynamic_Color": true,
          "bKinetic": true,
          "bMorph": false,
          "bRecycle": false,
          "bReverse": false,
          "bScaleRatio": true,
          "bUseGravity": true,
          "bUseRigidBody": false,
          "bUseScaleLerp": true,
          "byFreezeAxis": 0,
          "eForce_Mode": 1,
          "eType_Action": 1,
          "eType_ColorLerp": 0,
          "eType_Dir": 1,
          "eType_Fade": 0,
          "eType_Fade_Takes": 4,
          "eType_Mode": 1,
          "eType_ScaleLerp": 0,
          "fEmissionTime": 0.20000000298023224,
          "fGravity": -9.800000190734863,
          "fMorphTimeTerm": 0.05000000074505806,
          "fSleepThreshold": 0.05000000074505806,
          "iAddEmitCount": 0,
          "iCurNumInstance": 5,
          "vEndScale": [ 1.2000000476837158, 1.2000000476837158, 1.2000000476837158, 0.0 ],
          "vMaxCenterOffsetPos": [ 0.0, 0.0, 0.0, 0.0 ],
          "vMinCenterOffsetPos": [ 0.0, 0.0, 0.0, 0.0 ],
          "vMinMaxAddRange": [ 0.0, 0.0, 0.0, 0.0 ],
          "vMinMaxAlpha": [ 1.0, 1.0, 0.0, 0.0 ],
          "vMinMaxBlue": [ 0.0, 0.0, 0.0, 0.0 ],
          "vMinMaxFriction": [ 0.10000000149011612, 0.10000000149011612, 0.0, 0.0 ],
          "vMinMaxGreen": [ 0.0, 0.0, 0.0, 0.0 ],
          "vMinMaxLifeTime": [ 1.5, 1.5, 0.0, 0.0 ],
          "vMinMaxMass": [ 10.0, 10.0, 0.0, 0.0 ],
          "vMinMaxPosY": [ 0.10000000149011612, 3.0, 0.0, 0.0 ],
          "vMinMaxPower": [ 0.10000000149011612, 250.0, 0.0, 0.0 ],
          "vMinMaxRange": [ 0.10000000149011612, 0.10000000149011612, 0.0, 0.0 ],
          "vMinMaxRed": [ 1.0, 1.0, 0.0, 0.0 ],
          "vMinMaxRotationOffsetX": [ 0.0, 0.0, 0.0, 0.0 ],
          "vMinMaxRotationOffsetY": [ 0.0, 0.0, 0.0, 0.0 ],
          "vMinMaxRotationOffsetZ": [ 0.0, 0.0, 0.0, 0.0 ],
          "vMinMaxTheta": [ 0.0, 360.0, 0.0, 0.0 ],
          "vRadian": [ 0.0, 0.0, 0.0, 0.0 ],
          "vScaleLerp_Down_Pos": [ 1.0, 1.0, 0.0, 0.0 ],
          "vScaleLerp_Up_Pos": [ 0.0, 0.20000000298023224, 0.0, 0.0 ],
          "vStartScale": [ 0.20000000298023224, 0.5, 0.20000000298023224, 0.0 ]
        },
        "Transform": [
          [ 1.0, 0.0, 0.0, 0.0 ],
          [ 0.0, 1.0, 0.0, 0.0 ],
          [ 0.0, 0.0, 1.0, 0.0 ],
          [ 0.0, 0.0, 0.0, 1.0 ]
        ]
      },
      "bBillBoard": false,
      "bDissolve": false,
      "bLoop": true,
      "bParentPivot": true,
      "bPlay": true,
      "bRender": true,
      "bReverse": false,
      "bUV_Wave": true,
      "bUseCustomTex": true,
      "bUseRigidBody": false,
      "bUseSpriteAnim": false,
      "eMode_Color": 4,
      "eType_Easing": 0,
      "eType_Effect": 2,
      "eType_Scroll": 4,
      "fDistortionBias": 0.0,
      "fDistortionScale": 0.0,
      "fLifeTime": 1.5,
      "fRemainTime": 0.0,
      "fRimPower": 0.0,
      "fSequenceTime": 1.5,
      "fUV_RotDegree": 0.0,
      "fWaitingTime": 0.0,
      "iCurNumInstance": 5,
      "iRenderGroup": 6,
      "iShaderPassIndex": 3,
      "iTextureIndex": [ 3, 0, 149, 0, 0 ],
      "strModelTag": [ "Prototype_Component_Model_Effect_Corn", "" ],
      "strPartTag": "Part_000",
      "strProtoTag": "Prototype_GameObject_Effect_Instance",
      "strTextureTag": [ "Prototype_Component_Texture_Effect_Diffuse", "", "Prototype_Component_Texture_Effect_Mask", "Prototype_Component_Texture_Effect_Noise", "" ],
      "vBloomPower": [ 0.0, 0.0, 0.0, 0.0 ],
      "vColor_Clip": [ 0.0, 0.0, 0.0, 0.10000000149011612 ],
      "vColor_Mul": [ 1.0, 1.0, 1.0, 1.0 ],
      "vColor_Offset": [ 0.0, 0.0, 0.0, 0.0 ],
      "vDistortion1": [ 0.0, 0.0, 0.0, 0.0 ],
      "vDistortion2": [ 0.0, 0.0, 0.0, 0.0 ],
      "vDistortion3": [ 0.0, 0.0, 0.0, 0.0 ],
      "vRimColor": [ 1.0, 1.0, 1.0, 1.0 ],
      "vScales": [ 0.0, 0.0, 0.0, 0.0 ],
      "vScrollSpeeds": [ 0.0, 0.0, 0.0, 0.0 ],
      "vUV_Offset": [ 0.0, 0.0, 0.0, 0.0 ],
      "vUV_Offset_Mask": [ 0.0, 0.0, 0.0, 0.0 ],
      "vUV_Scale": [ 0.0, 1.0, 0.0, 0.0 ],
      "vUV_Scale_Mask": [ 0.0, 0.0, 0.0, 0.0 ],
      "vUV_WaveSpeed": [ 0.0, 0.5, 0.0, 0.0 ]
    }
  ]
}
