{"0":{"Alpha":1.0,"AlphaTrue":0.0,"CloneTag":"Prototype_GameObject_UI_Distortion","ColorA":0.003921568859368563,"ColorB":0.13333135843276978,"ColorG":0.6251564621925354,"ColorMode":3,"ColorR":0.6640926599502563,"Distortion":{"Distortion1X":0.05000000074505806,"Distortion1Y":0.10000000149011612,"Distortion2X":0.0,"Distortion2Y":0.0,"Distortion3X":0.0,"Distortion3Y":0.0,"DistortionBias":0.20000000298023224,"DistortionScale":1.0,"DistortionUI":true,"MaskNum":22,"NoiseNum":15,"ScalesX":0.5,"ScalesY":0.0,"ScalesZ":0.0,"ScrollSpeedsX":0.5,"ScrollSpeedsY":0.0,"ScrollSpeedsZ":0.0,"TimeAcc":0.20000000298023224},"FilePath":"../Bin/Resources/Textures/UI/Image/WorldMap/animation_element_cursor.png","Group":false,"LayerTag":"Layer_UI_Player","MapTextureTag":"","ObjectName":"Distortion1","ObjectNum":1,"Parent":false,"ProtoTag":"animation_element_cursor","RenderGroup":10,"ShaderNum":0,"Transform":[[-133.64979553222656,-68.10091400146484,0.0,0.0],[22.700307846069336,-44.54993438720703,0.0,0.0],[0.0,0.0,0.09999945014715195,0.0],[-172.0,0.0,0.5,1.0]],"UIName":"","UINum":0,"World":false}}
