{"0":{"Transform":[[1400.0,0.0,0.0,0.0],[0.0,800.0,0.0,0.0],[0.0,0.0,1.0,0.0],[60.0,50.0,0.0,1.0]]},"1":{"Transform":[[58.0,0.0,0.0,0.0],[0.0,55.0,0.0,0.0],[0.0,0.0,1.0,0.0],[-388.0,-260.0,0.20000000298023224,1.0]]},"10":{"Transform":[[58.0,0.0,0.0,0.0],[0.0,55.0,0.0,0.0],[0.0,0.0,1.0,0.0],[-295.0,-260.0,0.20000000298023224,1.0]]},"11":{"Transform":[[58.0,0.0,0.0,0.0],[0.0,55.0,0.0,0.0],[0.0,0.0,1.0,0.0],[-264.0,-260.0,0.20000000298023224,1.0]]},"12":{"Transform":[[144.5,0.0,0.0,0.0],[0.0,18.0,0.0,0.0],[0.0,0.0,1.0,0.0],[-324.0,-220.0,0.0,1.0]]},"13":{"Transform":[[48.0,0.0,0.0,0.0],[0.0,48.0,0.0,0.0],[0.0,0.0,1.0,0.0],[-450.0,-244.0,0.0,1.0]]},"14":{"Transform":[[56.0,0.0,0.0,0.0],[0.0,56.0,0.0,0.0],[0.0,0.0,1.0,0.0],[-450.5,-243.5,0.0,1.0]]},"15":{"Transform":[[123.0,0.0,0.0,0.0],[0.0,2.0,0.0,0.0],[0.0,0.0,1.0,0.0],[-335.0,-241.5,0.0,1.0]]},"2":{"Transform":[[42.0,0.0,0.0,0.0],[0.0,42.0,0.0,0.0],[0.0,0.0,1.0,0.0],[-492.1000061035156,-276.5,0.0,1.0]]},"3":{"Transform":[[40.0,0.0,0.0,0.0],[0.0,40.0,0.0,0.0],[0.0,0.0,1.0,0.0],[-492.5,-276.5,0.0,1.0]]},"4":{"Transform":[[42.0,0.0,0.0,0.0],[0.0,42.0,0.0,0.0],[0.0,0.0,1.0,0.0],[-523.0,-241.0,0.0,1.0]]},"5":{"Transform":[[40.0,0.0,0.0,0.0],[0.0,40.0,0.0,0.0],[0.0,0.0,1.0,0.0],[-525.0,-243.5,0.0,1.0]]},"6":{"Transform":[[44.0,0.0,0.0,0.0],[0.0,44.0,0.0,0.0],[0.0,0.0,1.0,0.0],[-492.0,-209.0,0.0,1.0]]},"7":{"Transform":[[40.0,0.0,0.0,0.0],[0.0,40.0,0.0,0.0],[0.0,0.0,1.0,0.0],[-492.5,-209.5,0.0,1.0]]},"8":{"Transform":[[58.0,0.0,0.0,0.0],[0.0,55.0,0.0,0.0],[0.0,0.0,1.0,0.0],[-357.0,-260.0,0.20000000298023224,1.0]]},"9":{"Transform":[[58.0,0.0,0.0,0.0],[0.0,55.0,0.0,0.0],[0.0,0.0,1.0,0.0],[-326.0,-260.0,0.20000000298023224,1.0]]}}
