{"Component":{"Com_VIBuffer":{"bDynamic_Color":true,"bKinetic":true,"bMorph":false,"bRecycle":false,"bReverse":false,"bRotAcc":true,"bScaleRatio":false,"bUseGravity":true,"bUseRigidBody":false,"bUseScaleLerp":true,"byFreezeAxis":0,"eForce_Mode":1,"eType_Action":1,"eType_ColorLerp":1,"eType_Dir":1,"eType_Fade":0,"eType_Fade_Takes":4,"eType_Mode":1,"eType_ScaleLerp":0,"fEmissionTime":0.0,"fGravity":-9.800000190734863,"fGravity_X":0.0,"fGravity_Z":0.0,"fMorphTimeTerm":0.05000000074505806,"fSleepThreshold":0.05000000074505806,"iAddEmitCount":0,"iCurNumInstance":1,"vEndScale":[1.7999999523162842,3.0,1.7999999523162842,0.0],"vMaxCenterOffsetPos":[0.0,0.0,0.0,0.0],"vMaxRadian":[0.0,0.0,0.0,0.0],"vMinCenterOffsetPos":[0.0,0.0,0.0,0.0],"vMinMaxAddRange":[0.10000000149011612,0.10000000149011612,0.0,0.0],"vMinMaxAlpha":[0.5,0.5,0.0,0.0],"vMinMaxBlue":[0.9382239580154419,0.0,0.0,0.0],"vMinMaxFriction":[0.10000000149011612,0.10000000149011612,0.0,0.0],"vMinMaxGreen":[0.7443719506263733,0.0,0.0,0.0],"vMinMaxLifeTime":[1.0,1.0,0.0,0.0],"vMinMaxMass":[10.0,10.0,0.0,0.0],"vMinMaxPosY":[0.10000000149011612,3.0,0.0,0.0],"vMinMaxPower":[0.10000000149011612,250.0,0.0,0.0],"vMinMaxRadianSpeed_X":[0.0,0.0,0.0,0.0],"vMinMaxRadianSpeed_Y":[-0.5,0.5,0.0,0.0],"vMinMaxRadianSpeed_Z":[0.0,0.0,0.0,0.0],"vMinMaxRange":[0.10000000149011612,0.10000000149011612,0.0,0.0],"vMinMaxRed":[0.6339350938796997,0.0,0.0,0.0],"vMinMaxRotationOffsetX":[0.0,0.0,0.0,0.0],"vMinMaxRotationOffsetY":[0.0,0.0,0.0,0.0],"vMinMaxRotationOffsetZ":[0.0,0.0,0.0,0.0],"vMinMaxTheta":[0.0,360.0,0.0,0.0],"vMinRadian":[0.0,0.0,0.0,0.0],"vScaleLerp_Down_Pos":[1.0,1.0,0.0,0.0],"vScaleLerp_Up_Pos":[0.05999999865889549,0.11999999731779099,0.0,0.0],"vStartScale":[0.5,3.0,0.5,0.0]},"Transform":[[-0.9999861121177673,-2.3841535323754215e-07,0.0,0.0],[2.3841823804104934e-07,-0.9999982118606567,0.0,0.0],[0.0,0.0,0.9999873042106628,0.0],[0.10000000149011612,0.0,0.0,1.0]]},"bBillBoard":false,"bDissolve":true,"bLoop":true,"bParentPivot":true,"bPlay":true,"bRender":true,"bReverse":false,"bSoft":false,"bSpriteLoop":true,"bUV_Wave":true,"bUseCustomTex":true,"bUseMask":true,"bUseRigidBody":false,"bUseSpriteAnim":false,"eMode_Color":0,"eType_Easing":14,"eType_Effect":2,"eType_Scroll":1,"fDistortionBias":1.0,"fDistortionScale":1.0,"fLifeTime":0.10000000149011612,"fRemainTime":0.8999999761581421,"fRimPower":0.0,"fSequenceTerm":0.05000000074505806,"fSequenceTime":1.0,"fUV_RotDegree":47.0,"fWaitingTime":0.03999999910593033,"iCurNumInstance":1,"iRenderGroup":6,"iShaderPassIndex":6,"iTextureIndex":[1,0,66,61,0],"strModelTag":["Prototype_Component_Model_Effect_Ring",""],"strPartTag":"Part_000","strProtoTag":"Prototype_GameObject_Effect_Instance","strTextureTag":["Prototype_Component_Texture_Effect_Diffuse","","Prototype_Component_Texture_Effect_Mask","Prototype_Component_Texture_Effect_Noise",""],"vBloomPower":[0.654373049736023,0.8205821514129639,0.9575289487838745,0.0],"vColor_Clip":[0.0,0.0,0.0,0.0],"vColor_Mul":[1.0,1.0,1.0,1.0],"vColor_Offset":[0.0,0.0,0.0,0.0],"vDistortion1":[0.10000000149011612,0.10000000149011612,0.0,0.0],"vDistortion2":[0.0,0.0,0.0,0.0],"vDistortion3":[0.0,0.10000000149011612,0.0,0.0],"vRimColor":[0.0,0.0,0.0,1.0],"vScales":[1.0,1.0,1.0,0.0],"vScrollSpeeds":[1.0,1.0,1.0,0.0],"vTextureSize":[1792.0,1792.0,0.0,0.0],"vTileSize":[256.0,256.0,0.0,0.0],"vUV_MaxTileCount":[7.0,7.0,0.0,0.0],"vUV_MinTileCount":[0.0,0.0,0.0,0.0],"vUV_Offset":[0.0,0.0,0.0,0.0],"vUV_Offset_Mask":[0.0,0.0,0.0,0.0],"vUV_Scale":[1.0,1.0,0.0,0.0],"vUV_Scale_Mask":[1.0,1.0,0.0,0.0],"vUV_WaveSpeed":[1.0,2.5,0.0,0.0]}
